-- TABELA ALUNO
INSERT INTO ALUNO (id_aluno, nm_aluno, cd_cpf_aluno, dt_nascimento_aluno, nm_email_aluno, nm_endereco_aluno, cd_situacao_aluno)
VALUES (1, 'Brenda Alves', '43815092698', '18-Apr-1981', 'cunharavi-lucca@icloud.com', 'Via Sampaio, 863, Tupi A, 02654-235 Borges / MG', 2);

INSERT INTO ALUNO (id_aluno, nm_aluno, cd_cpf_aluno, dt_nascimento_aluno, nm_email_aluno, nm_endereco_aluno, cd_situacao_aluno)
VALUES (2, 'Luiz Henrique Ferreira', '94053871620', '20-May-1996', 'matheus10@uol.com.br', 'Colônia Garcia, Itatiaia, 52553-419 Nascimento / SC', 2);

INSERT INTO ALUNO (id_aluno, nm_aluno, cd_cpf_aluno, dt_nascimento_aluno, nm_email_aluno, nm_endereco_aluno, cd_situacao_aluno)
VALUES (3, 'Enrico Martins', '64352018708', '04-Jan-1992', 'cunhaana-vitoria@uol.com.br', 'Quadra de Casa Grande, 42, Vila Piratininga Venda Nova, 96965-328 Borges de SA / AL', 2);

INSERT INTO ALUNO (id_aluno, nm_aluno, cd_cpf_aluno, dt_nascimento_aluno, nm_email_aluno, nm_endereco_aluno, cd_situacao_aluno)
VALUES (4, 'Eduardo Pires', '26138459709', '14-Jul-2008', 'rodriguesian@icloud.com', 'Loteamento de Camargo, 36, Penha, 48281489 Cassiano / MS', 2);

INSERT INTO ALUNO (id_aluno, nm_aluno, cd_cpf_aluno, dt_nascimento_aluno, nm_email_aluno, nm_endereco_aluno, cd_situacao_aluno)
VALUES (5, 'Vitor Hugo Vasconcelos', '80539721441', '20-Jan-1982', 'barrosmaria-vitoria@hotmail.com', 'Recanto de Novaes, 94, Santa Tereza, 38346-578 Campos de da Cruz / ES', 2);

INSERT INTO ALUNO (id_aluno, nm_aluno, cd_cpf_aluno, dt_nascimento_aluno, nm_email_aluno, nm_endereco_aluno, cd_situacao_aluno)
VALUES (6, 'Lucca Almeida', '98341062704', '05-Jan-1987', 'fariasdiego@icloud.com', 'Residencial de Cunha, 829, Garças, 63116-566 Siqueira de Aragão / RO', 2);

INSERT INTO ALUNO (id_aluno, nm_aluno, cd_cpf_aluno, dt_nascimento_aluno, nm_email_aluno, nm_endereco_aluno, cd_situacao_aluno)
VALUES (7, 'Beatriz Araújo', '65179830400', '11-Sep-1985', 'eda-cruz@live.com', 'Setor de Albuquerque, Buraco Quente, 26773602 Abreu das Flores / GO', 2);

INSERT INTO ALUNO (id_aluno, nm_aluno, cd_cpf_aluno, dt_nascimento_aluno, nm_email_aluno, nm_endereco_aluno, cd_situacao_aluno)
VALUES (8, 'Laura Lima', '87219605340', '24-Jan-2002', 'aragaomaria-liz@icloud.com', 'Chacara de Cirino, Betânia, 36193990 Leão / RO', 2);

INSERT INTO ALUNO (id_aluno, nm_aluno, cd_cpf_aluno, dt_nascimento_aluno, nm_email_aluno, nm_endereco_aluno, cd_situacao_aluno)
VALUES (9, 'Stephany Dias', '43512867928', '19-Aug-1993', 'albuquerquemaria-cecilia@hotmail.com', 'Rodovia da Luz, 25, Santo Antônio, 54278498 Rios / TO', 2);

INSERT INTO ALUNO (id_aluno, nm_aluno, cd_cpf_aluno, dt_nascimento_aluno, nm_email_aluno, nm_endereco_aluno, cd_situacao_aluno)
VALUES (10, 'Letícia Ribeiro', '12406793869', '30-Nov-1997', 'nicolas48@live.com', 'Chacara Porto, 14, Acaba Mundo, 24278-680 Barbosa / RR', 2);

INSERT INTO ALUNO (id_aluno, nm_aluno, cd_cpf_aluno, dt_nascimento_aluno, nm_email_aluno, nm_endereco_aluno, cd_situacao_aluno)
VALUES (11, 'Yago Andrade', '58231079432', '11-Jun-2006', 'theorios@hotmail.com', 'PAtio de Pinto, 33, Virgínia, 60256342 Garcia / AL', 2);

INSERT INTO ALUNO (id_aluno, nm_aluno, cd_cpf_aluno, dt_nascimento_aluno, nm_email_aluno, nm_endereco_aluno, cd_situacao_aluno)
VALUES (12, 'Hellena Costa', '75461802362', '06-Dec-1991', 'davi-miguel45@icloud.com', 'Loteamento de Alves, 5, Conjunto São Francisco De Assis, 01965-569 Gomes / RJ', 2);

INSERT INTO ALUNO (id_aluno, nm_aluno, cd_cpf_aluno, dt_nascimento_aluno, nm_email_aluno, nm_endereco_aluno, cd_situacao_aluno)
VALUES (13, 'José Miguel Aparecida', '60327895195', '12-Aug-1999', 'silveiraana-clara@icloud.com', 'Largo Isis Sampaio, 38, Das Industrias I, 62994-680 da Paz do Oeste / PA', 2);

INSERT INTO ALUNO (id_aluno, nm_aluno, cd_cpf_aluno, dt_nascimento_aluno, nm_email_aluno, nm_endereco_aluno, cd_situacao_aluno)
VALUES (14, 'Luna Martins', '79348106287', '31-Jan-1983', 'ana-luizacamara@uol.com.br', 'Feira Melo, Vera Cruz, 76936763 Rezende / RR', 2);

INSERT INTO ALUNO (id_aluno, nm_aluno, cd_cpf_aluno, dt_nascimento_aluno, nm_email_aluno, nm_endereco_aluno, cd_situacao_aluno)
VALUES (15, 'Cauê Vasconcelos', '63295480729', '24-Dec-2006', 'marquesjoao-felipe@live.com', 'Vale Mirella Lima, 872, Paulo Vi, 34873-471 da Costa Paulista / MT', 2);

INSERT INTO ALUNO (id_aluno, nm_aluno, cd_cpf_aluno, dt_nascimento_aluno, nm_email_aluno, nm_endereco_aluno, cd_situacao_aluno)
VALUES (16, 'Sr. Davi Miguel Cassiano', '36251098759', '10-Feb-1996', 'naraujo@outlook.com.br', 'Vila de Almeida, 167, Maria Goretti, 66889-373 Lopes do Amparo / AC', 2);

INSERT INTO ALUNO (id_aluno, nm_aluno, cd_cpf_aluno, dt_nascimento_aluno, nm_email_aluno, nm_endereco_aluno, cd_situacao_aluno)
VALUES (17, 'Maitê Rios', '62714509380', '23-Oct-1982', 'dcarvalho@yahoo.com.br', 'Largo Otavio Marques, 75, Itatiaia, 41708-053 Vasconcelos / RS', 2);

INSERT INTO ALUNO (id_aluno, nm_aluno, cd_cpf_aluno, dt_nascimento_aluno, nm_email_aluno, nm_endereco_aluno, cd_situacao_aluno)
VALUES (18, 'Arthur da Cruz', '30216987431', '10-Nov-1993', 'emilly29@hotmail.com', 'Trecho Alves, 79, Nazare, 19314919 Ferreira / PI', 2);

INSERT INTO ALUNO (id_aluno, nm_aluno, cd_cpf_aluno, dt_nascimento_aluno, nm_email_aluno, nm_endereco_aluno, cd_situacao_aluno)
VALUES (19, 'Maria Eduarda Azevedo', '85063971202', '22-Oct-1998', 'jsantos@outlook.com.br', 'Via de da Mata, 887, Olhos D''Agua, 53147-379 Fernandes do Sul / PR', 2);

INSERT INTO ALUNO (id_aluno, nm_aluno, cd_cpf_aluno, dt_nascimento_aluno, nm_email_aluno, nm_endereco_aluno, cd_situacao_aluno)
VALUES (20, 'Sr. Ryan Cunha', '54928607392', '09-Nov-1982', 'jmendonca@uol.com.br', 'Residencial de Machado, 2, Jardim Guanabara, 63495788 Lima da Prata / MT', 2);

INSERT INTO ALUNO (id_aluno, nm_aluno, cd_cpf_aluno, dt_nascimento_aluno, nm_email_aluno, nm_endereco_aluno, cd_situacao_aluno)
VALUES (21, 'Dr. João Gabriel das Neves', '43157209841', '05-Dec-1985', 'uda-mota@icloud.com', 'Lago da Conceição, Mariano De Abreu, 40824008 Sampaio Grande / RS', 2);

INSERT INTO ALUNO (id_aluno, nm_aluno, cd_cpf_aluno, dt_nascimento_aluno, nm_email_aluno, nm_endereco_aluno, cd_situacao_aluno)
VALUES (22, 'Bella Albuquerque', '94736210516', '31-Aug-2007', 'ecamargo@outlook.com.br', 'Vereda de Rodrigues, Barão Homem De Melo 2ª Seção, 29413186 Vasconcelos / PE', 2);

INSERT INTO ALUNO (id_aluno, nm_aluno, cd_cpf_aluno, dt_nascimento_aluno, nm_email_aluno, nm_endereco_aluno, cd_situacao_aluno)
VALUES (23, 'Milena Macedo', '46978053210', '19-Jan-1988', 'castrorhavi@yahoo.com.br', 'PAtio Machado, 174, Flamengo, 47134-936 Nogueira / ES', 2);

INSERT INTO ALUNO (id_aluno, nm_aluno, cd_cpf_aluno, dt_nascimento_aluno, nm_email_aluno, nm_endereco_aluno, cd_situacao_aluno)
VALUES (24, 'Clarice da Mata', '21089456794', '19-Dec-1993', 'isis48@icloud.com', 'Trevo Aparecida, 55, Alto Vera Cruz, 39904902 Moreira de Rezende / PB', 2);

INSERT INTO ALUNO (id_aluno, nm_aluno, cd_cpf_aluno, dt_nascimento_aluno, nm_email_aluno, nm_endereco_aluno, cd_situacao_aluno)
VALUES (25, 'Fernando Pacheco', '67132958003', '01-Apr-2005', 'juliana74@outlook.com.br', 'Largo da Cunha, 71, Santa Lúcia, 87603859 Pires de Macedo / SP', 2);

INSERT INTO ALUNO (id_aluno, nm_aluno, cd_cpf_aluno, dt_nascimento_aluno, nm_email_aluno, nm_endereco_aluno, cd_situacao_aluno)
VALUES (26, 'Gustavo da Mata', '82435607938', '16-Dec-2000', 'arthur86@hotmail.com', 'Quadra Campos, 57, Santa Terezinha, 67737-826 Peixoto / PE', 2);

INSERT INTO ALUNO (id_aluno, nm_aluno, cd_cpf_aluno, dt_nascimento_aluno, nm_email_aluno, nm_endereco_aluno, cd_situacao_aluno)
VALUES (27, 'Srta. Ana Lívia da Mota', '65490273143', '19-Jun-2005', 'enascimento@terra.com.br', 'Parque de Marques, 43, Sport Club, 36057-662 Andrade de Cardoso / PE', 2);

INSERT INTO ALUNO (id_aluno, nm_aluno, cd_cpf_aluno, dt_nascimento_aluno, nm_email_aluno, nm_endereco_aluno, cd_situacao_aluno)
VALUES (28, 'Luísa Brito', '71905832621', '18-Jul-1982', 'camila96@hotmail.com', 'Setor de Garcia, 97, Aparecida 7ª Seção, 34316117 Sales / MA', 2);

INSERT INTO ALUNO (id_aluno, nm_aluno, cd_cpf_aluno, dt_nascimento_aluno, nm_email_aluno, nm_endereco_aluno, cd_situacao_aluno)
VALUES (29, 'Augusto Duarte', '04523186707', '14-Oct-1996', 'luigicavalcanti@hotmail.com', 'Feira de Monteiro, 823, Vila Cemig, 74074-821 Ferreira de Pastor / MA', 2);

INSERT INTO ALUNO (id_aluno, nm_aluno, cd_cpf_aluno, dt_nascimento_aluno, nm_email_aluno, nm_endereco_aluno, cd_situacao_aluno)
VALUES (30, 'Mariana Sales', '47913508639', '16-Dec-1996', 'ana-carolina06@bol.com.br', 'Avenida de Pereira, 44, Venda Nova, 33942-104 Andrade de Pacheco / MS', 2);

INSERT INTO ALUNO (id_aluno, nm_aluno, cd_cpf_aluno, dt_nascimento_aluno, nm_email_aluno, nm_endereco_aluno, cd_situacao_aluno)
VALUES (31, 'Srta. Ayla da Rocha', '56218473937', '16-Jun-2004', 'maria-luisa45@hotmail.com', 'Fazenda Rocha, Vila Nova Paraíso, 85160-481 Freitas de Rocha / SC', 2);

INSERT INTO ALUNO (id_aluno, nm_aluno, cd_cpf_aluno, dt_nascimento_aluno, nm_email_aluno, nm_endereco_aluno, cd_situacao_aluno)
VALUES (32, 'Julia Pacheco', '65187302930', '01-Dec-2006', 'davi-lucasporto@live.com', 'Condomínio João Lucas Aparecida, 5, Santa Helena, 13826758 Pastor Grande / PA', 2);

INSERT INTO ALUNO (id_aluno, nm_aluno, cd_cpf_aluno, dt_nascimento_aluno, nm_email_aluno, nm_endereco_aluno, cd_situacao_aluno)
VALUES (33, 'Beatriz Mendonça', '96405213706', '10-Dec-2007', 'gael-henrique58@terra.com.br', 'Estrada Joaquim Marques, 4, Vila Copacabana, 05329318 Pastor / DF', 2);

INSERT INTO ALUNO (id_aluno, nm_aluno, cd_cpf_aluno, dt_nascimento_aluno, nm_email_aluno, nm_endereco_aluno, cd_situacao_aluno)
VALUES (34, 'Lucas Vasconcelos', '20461598370', '18-Jul-1999', 'cardosoarthur@terra.com.br', 'Alameda Luiz Fernando da Luz, 3, Vila Pinho, 81177-589 Machado / PE', 2);

INSERT INTO ALUNO (id_aluno, nm_aluno, cd_cpf_aluno, dt_nascimento_aluno, nm_email_aluno, nm_endereco_aluno, cd_situacao_aluno)
VALUES (35, 'Augusto Siqueira', '84750631280', '09-Apr-2000', 'csilva@hotmail.com', 'Distrito de Azevedo, 94, Vila Nova Cachoeirinha 2ª Seção, 69847-896 Vieira / RR', 2);

INSERT INTO ALUNO (id_aluno, nm_aluno, cd_cpf_aluno, dt_nascimento_aluno, nm_email_aluno, nm_endereco_aluno, cd_situacao_aluno)
VALUES (36, 'Yuri Silveira', '36719258419', '14-Jul-2001', 'leticia54@terra.com.br', 'Campo Fernando Barros, 7, Cachoeirinha, 28098-851 Fogaça das Pedras / SC', 2);

INSERT INTO ALUNO (id_aluno, nm_aluno, cd_cpf_aluno, dt_nascimento_aluno, nm_email_aluno, nm_endereco_aluno, cd_situacao_aluno)
VALUES (37, 'João Pedro Peixoto', '45196782346', '17-Nov-1986', 'ferreiraemilly@hotmail.com', 'Praça Novais, 198, Ventosa, 02445-502 Nunes / RO', 2);

INSERT INTO ALUNO (id_aluno, nm_aluno, cd_cpf_aluno, dt_nascimento_aluno, nm_email_aluno, nm_endereco_aluno, cd_situacao_aluno)
VALUES (38, 'Ana Lívia Casa Grande', '01376529840', '30-May-1989', 'enzo-gabriel02@yahoo.com.br', 'Ladeira Macedo, 87, Nova Esperança, 38156-149 Moura de Rios / MA', 2);

INSERT INTO ALUNO (id_aluno, nm_aluno, cd_cpf_aluno, dt_nascimento_aluno, nm_email_aluno, nm_endereco_aluno, cd_situacao_aluno)
VALUES (39, 'Henry Gonçalves', '90812643542', '21-Nov-1989', 'monteirolorena@yahoo.com.br', 'Fazenda de Montenegro, 751, Santa Efigênia, 60715969 Santos das Pedras / MA', 2);

INSERT INTO ALUNO (id_aluno, nm_aluno, cd_cpf_aluno, dt_nascimento_aluno, nm_email_aluno, nm_endereco_aluno, cd_situacao_aluno)
VALUES (40, 'Nathan Almeida', '52769801368', '07-Jun-1987', 'fmoura@outlook.com.br', 'Fazenda Brenda Vasconcelos, 91, Vila Califórnia, 88355231 da Cunha / DF', 2);

INSERT INTO ALUNO (id_aluno, nm_aluno, cd_cpf_aluno, dt_nascimento_aluno, nm_email_aluno, nm_endereco_aluno, cd_situacao_aluno)
VALUES (41, 'Eduardo Teixeira', '12734568900', '09-Jun-2005', 'kevin71@live.com', 'Ladeira Daniel Fogaça, 814, Pedreira Padro Lopes, 05411998 Martins Verde / PI', 2);

INSERT INTO ALUNO (id_aluno, nm_aluno, cd_cpf_aluno, dt_nascimento_aluno, nm_email_aluno, nm_endereco_aluno, cd_situacao_aluno)
VALUES (42, 'Srta. Milena Oliveira', '35741096875', '11-Nov-2008', 'montenegroluiz-felipe@gmail.com', 'Praia Sabrina Moreira, 625, Silveira, 66590-515 Novais / RO', 2);

INSERT INTO ALUNO (id_aluno, nm_aluno, cd_cpf_aluno, dt_nascimento_aluno, nm_email_aluno, nm_endereco_aluno, cd_situacao_aluno)
VALUES (43, 'Larissa da Cunha', '92504187360', '11-Feb-1984', 'das-nevesfernanda@terra.com.br', 'Viela de Moura, 7, Santa Terezinha, 05423-573 Carvalho / BA', 2);

INSERT INTO ALUNO (id_aluno, nm_aluno, cd_cpf_aluno, dt_nascimento_aluno, nm_email_aluno, nm_endereco_aluno, cd_situacao_aluno)
VALUES (44, 'Juan Viana', '18052496306', '05-Nov-1984', 'lucassilveira@live.com', 'Viela Renan Macedo, 447, São João Batista, 47359774 Montenegro do Galho / PA', 2);

INSERT INTO ALUNO (id_aluno, nm_aluno, cd_cpf_aluno, dt_nascimento_aluno, nm_email_aluno, nm_endereco_aluno, cd_situacao_aluno)
VALUES (45, 'Guilherme Pereira', '24053978629', '22-Aug-1988', 'yagomachado@icloud.com', 'Chacara Pedro Miguel Machado, 70, Barão Homem De Melo 2ª Seção, 85361-530 Brito Alegre / SE', 2);

INSERT INTO ALUNO (id_aluno, nm_aluno, cd_cpf_aluno, dt_nascimento_aluno, nm_email_aluno, nm_endereco_aluno, cd_situacao_aluno)
VALUES (46, 'Davi Miguel Andrade', '47265398092', '23-Aug-2006', 'da-cunhapedro@yahoo.com.br', 'Feira Ana Julia Campos, Bairro Das Indústrias Ii, 69711798 Pires / PE', 2);

INSERT INTO ALUNO (id_aluno, nm_aluno, cd_cpf_aluno, dt_nascimento_aluno, nm_email_aluno, nm_endereco_aluno, cd_situacao_aluno)
VALUES (47, 'Isabella Silva', '24608915398', '22-Oct-1985', 'mouraeloah@hotmail.com', 'Area Hellena Freitas, 60, Vila Suzana Primeira Seção, 53195205 Ramos da Serra / TO', 2);

INSERT INTO ALUNO (id_aluno, nm_aluno, cd_cpf_aluno, dt_nascimento_aluno, nm_email_aluno, nm_endereco_aluno, cd_situacao_aluno)
VALUES (48, 'Nicole Sampaio', '72805361407', '23-Aug-1981', 'bryandias@bol.com.br', 'Recanto de da Cunha, 4, Jardim Atlântico, 05415-667 Fernandes da Serra / PR', 2);

INSERT INTO ALUNO (id_aluno, nm_aluno, cd_cpf_aluno, dt_nascimento_aluno, nm_email_aluno, nm_endereco_aluno, cd_situacao_aluno)
VALUES (49, 'Sra. Maria Eduarda Moreira', '41603982515', '09-Sep-1989', 'duarteana-carolina@bol.com.br', 'Praça de Cavalcante, 85, Araguaia, 96401-658 Alves / BA', 2);

INSERT INTO ALUNO (id_aluno, nm_aluno, cd_cpf_aluno, dt_nascimento_aluno, nm_email_aluno, nm_endereco_aluno, cd_situacao_aluno)
VALUES (50, 'Maysa Andrade', '21365948005', '03-Dec-1997', 'xfreitas@live.com', 'Rua Fonseca, 55, Graça, 02786814 Santos dos Dourados / DF', 2);

INSERT INTO ALUNO (id_aluno, nm_aluno, cd_cpf_aluno, dt_nascimento_aluno, nm_email_aluno, nm_endereco_aluno, cd_situacao_aluno)
VALUES (51, 'Laura Sales', '73190862478', '18-Apr-2009', 'cecilia18@icloud.com', 'Vila Porto, 95, Etelvina Carneiro, 32370589 Martins da Prata / BA', 2);

INSERT INTO ALUNO (id_aluno, nm_aluno, cd_cpf_aluno, dt_nascimento_aluno, nm_email_aluno, nm_endereco_aluno, cd_situacao_aluno)
VALUES (52, 'Aurora Azevedo', '46793508148', '01-Jan-1999', 'rmartins@icloud.com', 'Vereda de Pastor, 72, Santa Rita, 18242253 Moreira da Mata / AP', 2);

INSERT INTO ALUNO (id_aluno, nm_aluno, cd_cpf_aluno, dt_nascimento_aluno, nm_email_aluno, nm_endereco_aluno, cd_situacao_aluno)
VALUES (53, 'Gael Henrique Porto', '84257906383', '15-Jul-1997', 'luigiribeiro@terra.com.br', 'Chacara Aparecida, 743, Vila Antena Montanhês, 78447364 Barbosa de Sales / AL', 2);

INSERT INTO ALUNO (id_aluno, nm_aluno, cd_cpf_aluno, dt_nascimento_aluno, nm_email_aluno, nm_endereco_aluno, cd_situacao_aluno)
VALUES (54, 'Pedro Lucas Leão', '79324168509', '31-Aug-2001', 'isabelly25@icloud.com', 'Quadra Campos, 47, Comiteco, 04696325 Correia da Serra / PR', 2);

INSERT INTO ALUNO (id_aluno, nm_aluno, cd_cpf_aluno, dt_nascimento_aluno, nm_email_aluno, nm_endereco_aluno, cd_situacao_aluno)
VALUES (55, 'Nina Monteiro', '47083956200', '16-Apr-1997', 'aragaoalexia@live.com', 'Aeroporto de Caldeira, 52, Vila Oeste, 65060-983 Novaes da Mata / AP', 2);

INSERT INTO ALUNO (id_aluno, nm_aluno, cd_cpf_aluno, dt_nascimento_aluno, nm_email_aluno, nm_endereco_aluno, cd_situacao_aluno)
VALUES (56, 'Sofia Machado', '84170326903', '08-Apr-2002', 'nicoleguerra@icloud.com', 'Conjunto Silva, Lorena, 87298-259 Castro das Flores / RN', 2);

INSERT INTO ALUNO (id_aluno, nm_aluno, cd_cpf_aluno, dt_nascimento_aluno, nm_email_aluno, nm_endereco_aluno, cd_situacao_aluno)
VALUES (57, 'Sra. Maitê Montenegro', '89754230188', '24-Dec-1989', 'leaoana-liz@gmail.com', 'Trecho de Oliveira, 80, Conjunto Novo Dom Bosco, 23091-307 Leão Grande / PA', 2);

INSERT INTO ALUNO (id_aluno, nm_aluno, cd_cpf_aluno, dt_nascimento_aluno, nm_email_aluno, nm_endereco_aluno, cd_situacao_aluno)
VALUES (58, 'Srta. Maria Sophia Montenegro', '97051462334', '27-Apr-2009', 'ymoura@terra.com.br', 'Loteamento de Nogueira, 84, Das Industrias I, 48434437 Mendes da Praia / PI', 2);

INSERT INTO ALUNO (id_aluno, nm_aluno, cd_cpf_aluno, dt_nascimento_aluno, nm_email_aluno, nm_endereco_aluno, cd_situacao_aluno)
VALUES (59, 'Sra. Laura Campos', '98632150405', '29-Jan-2008', 'ferreiraluisa@bol.com.br', 'Setor da Mata, 242, Vila Antena, 30833016 Silva do Amparo / AM', 2);

INSERT INTO ALUNO (id_aluno, nm_aluno, cd_cpf_aluno, dt_nascimento_aluno, nm_email_aluno, nm_endereco_aluno, cd_situacao_aluno)
VALUES (60, 'Cecilia Abreu', '82653714973', '26-Aug-1988', 'vargasfelipe@uol.com.br', 'Estação Brayan Gonçalves, 52, Vila Paris, 04991547 Carvalho de Montenegro / PB', 2);

INSERT INTO ALUNO (id_aluno, nm_aluno, cd_cpf_aluno, dt_nascimento_aluno, nm_email_aluno, nm_endereco_aluno, cd_situacao_aluno)
VALUES (61, 'Gael Camargo', '52798106494', '22-Apr-2003', 'luiz-fernandopimenta@outlook.com.br', 'Chacara Isadora Rios, 3, Colégio Batista, 53046-374 da Rosa Verde / SC', 2);

INSERT INTO ALUNO (id_aluno, nm_aluno, cd_cpf_aluno, dt_nascimento_aluno, nm_email_aluno, nm_endereco_aluno, cd_situacao_aluno)
VALUES (62, 'Alexia da Luz', '53097826130', '08-Apr-2000', 'isaac45@uol.com.br', 'Distrito Maria Souza, 956, Savassi, 83391-878 Barbosa Verde / AM', 2);

INSERT INTO ALUNO (id_aluno, nm_aluno, cd_cpf_aluno, dt_nascimento_aluno, nm_email_aluno, nm_endereco_aluno, cd_situacao_aluno)
VALUES (63, 'Yan Montenegro', '38217490597', '01-Mar-2001', 'gborges@live.com', 'Rodovia Leão, 19, Senhor Dos Passos, 40640-391 Lima / MS', 2);

INSERT INTO ALUNO (id_aluno, nm_aluno, cd_cpf_aluno, dt_nascimento_aluno, nm_email_aluno, nm_endereco_aluno, cd_situacao_aluno)
VALUES (64, 'Srta. Agatha Araújo', '17023946543', '27-Mar-1991', 'ymachado@outlook.com.br', 'Setor de Carvalho, 31, São Jorge 2ª Seção, 82300-478 Nascimento das Flores / TO', 2);

INSERT INTO ALUNO (id_aluno, nm_aluno, cd_cpf_aluno, dt_nascimento_aluno, nm_email_aluno, nm_endereco_aluno, cd_situacao_aluno)
VALUES (65, 'Josué Marques', '52419078667', '17-Mar-1998', 'da-costanoah@hotmail.com', 'Praia Peixoto, 4, Vila Pinho, 67383028 da Conceição Verde / MT', 2);

INSERT INTO ALUNO (id_aluno, nm_aluno, cd_cpf_aluno, dt_nascimento_aluno, nm_email_aluno, nm_endereco_aluno, cd_situacao_aluno)
VALUES (66, 'Luna da Costa', '42378509600', '12-Jul-1998', 'fnovais@gmail.com', 'Parque de Viana, 756, Confisco, 62873-342 Araújo de Novais / PA', 2);

INSERT INTO ALUNO (id_aluno, nm_aluno, cd_cpf_aluno, dt_nascimento_aluno, nm_email_aluno, nm_endereco_aluno, cd_situacao_aluno)
VALUES (67, 'Vitória Carvalho', '63412089796', '28-Nov-1995', 'cauada-mata@outlook.com.br', 'Estrada Teixeira, 883, Dona Clara, 40331-739 Gonçalves / ES', 2);

INSERT INTO ALUNO (id_aluno, nm_aluno, cd_cpf_aluno, dt_nascimento_aluno, nm_email_aluno, nm_endereco_aluno, cd_situacao_aluno)
VALUES (68, 'Luna Vasconcelos', '46795281337', '31-Mar-1995', 'gmartins@live.com', 'Largo Júlia Aparecida, 132, Guaratã, 42353-693 Novaes de Rezende / RO', 2);

INSERT INTO ALUNO (id_aluno, nm_aluno, cd_cpf_aluno, dt_nascimento_aluno, nm_email_aluno, nm_endereco_aluno, cd_situacao_aluno)
VALUES (69, 'Dr. Samuel Silveira', '79258146328', '17-Sep-1985', 'mourabernardo@hotmail.com', 'PAtio Carvalho, 31, Aeroporto, 87509977 Abreu / PI', 2);

INSERT INTO ALUNO (id_aluno, nm_aluno, cd_cpf_aluno, dt_nascimento_aluno, nm_email_aluno, nm_endereco_aluno, cd_situacao_aluno)
VALUES (70, 'Maria Sophia Albuquerque', '08472936538', '30-Dec-2006', 'rodrigocorreia@icloud.com', 'Ladeira Isabella Barros, 86, Serrano, 34101666 Araújo de Porto / AC', 2);

INSERT INTO ALUNO (id_aluno, nm_aluno, cd_cpf_aluno, dt_nascimento_aluno, nm_email_aluno, nm_endereco_aluno, cd_situacao_aluno)
VALUES (71, 'Srta. Antonella Monteiro', '65140792370', '27-Mar-1988', 'rodriguesalana@icloud.com', 'Alameda Oliver Pastor, 26, Jardim São José, 93968562 Montenegro / SC', 2);

INSERT INTO ALUNO (id_aluno, nm_aluno, cd_cpf_aluno, dt_nascimento_aluno, nm_email_aluno, nm_endereco_aluno, cd_situacao_aluno)
VALUES (72, 'Sr. Carlos Eduardo Lopes', '31546798048', '06-Oct-1998', 'omendonca@terra.com.br', 'Viela Pacheco, 51, Vila Vista Alegre, 11426265 Caldeira de Minas / AC', 2);

INSERT INTO ALUNO (id_aluno, nm_aluno, cd_cpf_aluno, dt_nascimento_aluno, nm_email_aluno, nm_endereco_aluno, cd_situacao_aluno)
VALUES (73, 'Pedro Miguel Fonseca', '41208397532', '16-May-1983', 'fogacafrancisco@terra.com.br', 'PAtio Hellena Vasconcelos, Bonfim, 98262244 Monteiro Grande / AP', 2);

INSERT INTO ALUNO (id_aluno, nm_aluno, cd_cpf_aluno, dt_nascimento_aluno, nm_email_aluno, nm_endereco_aluno, cd_situacao_aluno)
VALUES (74, 'Pedro Henrique da Mota', '64790285111', '05-Aug-1997', 'maria-ceciliacaldeira@yahoo.com.br', 'Loteamento Gabrielly Farias, Pantanal, 69245-937 Cavalcanti das Flores / MT', 2);

INSERT INTO ALUNO (id_aluno, nm_aluno, cd_cpf_aluno, dt_nascimento_aluno, nm_email_aluno, nm_endereco_aluno, cd_situacao_aluno)
VALUES (75, 'Samuel Oliveira', '35629704800', '19-Jul-1997', 'isisalves@live.com', 'Vila Davi Miguel Vieira, 37, Vila Califórnia, 34266-179 Pacheco de Guerra / PI', 2);

INSERT INTO ALUNO (id_aluno, nm_aluno, cd_cpf_aluno, dt_nascimento_aluno, nm_email_aluno, nm_endereco_aluno, cd_situacao_aluno)
VALUES (76, 'Mariah Nogueira', '05197284676', '15-Sep-1996', 'vsa@outlook.com.br', 'Jardim Câmara, Santana Do Cafezal, 75679825 Mendes / AM', 2);

INSERT INTO ALUNO (id_aluno, nm_aluno, cd_cpf_aluno, dt_nascimento_aluno, nm_email_aluno, nm_endereco_aluno, cd_situacao_aluno)
VALUES (77, 'Oliver Barros', '12586397428', '23-Jun-1990', 'macedomarcela@terra.com.br', 'Condomínio Almeida, 31, Funcionarios, 82825867 Guerra / RS', 2);

INSERT INTO ALUNO (id_aluno, nm_aluno, cd_cpf_aluno, dt_nascimento_aluno, nm_email_aluno, nm_endereco_aluno, cd_situacao_aluno)
VALUES (78, 'Francisco Porto', '69054132833', '26-Aug-1991', 'noahda-mota@hotmail.com', 'Estação de Fonseca, 83, Canaa, 78596-969 Ferreira / MS', 2);

INSERT INTO ALUNO (id_aluno, nm_aluno, cd_cpf_aluno, dt_nascimento_aluno, nm_email_aluno, nm_endereco_aluno, cd_situacao_aluno)
VALUES (79, 'Emanuella Rocha', '41270865307', '15-Mar-1991', 'ninagomes@outlook.com.br', 'Praça Marcelo Mendonça, 328, Santa Cecilia, 22579-050 Carvalho de Correia / TO', 2);

INSERT INTO ALUNO (id_aluno, nm_aluno, cd_cpf_aluno, dt_nascimento_aluno, nm_email_aluno, nm_endereco_aluno, cd_situacao_aluno)
VALUES (80, 'Sofia Rezende', '76935840210', '08-Oct-1996', 'anaandrade@bol.com.br', 'Esplanada Maria Cecília Nunes, 98, Camponesa 2ª Seção, 48580783 Caldeira de Goias / MA', 2);

INSERT INTO ALUNO (id_aluno, nm_aluno, cd_cpf_aluno, dt_nascimento_aluno, nm_email_aluno, nm_endereco_aluno, cd_situacao_aluno)
VALUES (81, 'Rael da Luz', '51760842362', '06-May-2005', 'ncavalcante@yahoo.com.br', 'Avenida Nunes, 58, Universitario, 54494812 Araújo Paulista / RS', 2);

INSERT INTO ALUNO (id_aluno, nm_aluno, cd_cpf_aluno, dt_nascimento_aluno, nm_email_aluno, nm_endereco_aluno, cd_situacao_aluno)
VALUES (82, 'Davi Lucca da Cruz', '25368740107', '31-Jul-1998', 'emachado@hotmail.com', 'Ladeira de Sales, 87, Leticia, 17518636 Monteiro / GO', 2);

INSERT INTO ALUNO (id_aluno, nm_aluno, cd_cpf_aluno, dt_nascimento_aluno, nm_email_aluno, nm_endereco_aluno, cd_situacao_aluno)
VALUES (83, 'Dr. Lucca Novaes', '92768043150', '05-Nov-1980', 'lunnamarques@gmail.com', 'Conjunto de Rezende, 52, Buraco Quente, 41520-643 Rezende de Minas / RR', 2);

INSERT INTO ALUNO (id_aluno, nm_aluno, cd_cpf_aluno, dt_nascimento_aluno, nm_email_aluno, nm_endereco_aluno, cd_situacao_aluno)
VALUES (84, 'Alexandre Cunha', '71248630904', '18-Jul-2000', 'limajoao@live.com', 'Chacara Gustavo Caldeira, 55, Cinquentenário, 22189-092 Ferreira de Silveira / DF', 2);

INSERT INTO ALUNO (id_aluno, nm_aluno, cd_cpf_aluno, dt_nascimento_aluno, nm_email_aluno, nm_endereco_aluno, cd_situacao_aluno)
VALUES (85, 'Clarice Jesus', '97306152416', '27-Jul-1990', 'ydias@yahoo.com.br', 'Chacara de da Cruz, 599, Vila São Paulo, 43898364 Viana / SE', 2);

INSERT INTO ALUNO (id_aluno, nm_aluno, cd_cpf_aluno, dt_nascimento_aluno, nm_email_aluno, nm_endereco_aluno, cd_situacao_aluno)
VALUES (86, 'Thales Gomes', '13754069225', '14-Mar-1984', 'ifonseca@yahoo.com.br', 'Alameda Pastor, 1, Havaí, 00684866 Barros da Prata / PI', 2);

INSERT INTO ALUNO (id_aluno, nm_aluno, cd_cpf_aluno, dt_nascimento_aluno, nm_email_aluno, nm_endereco_aluno, cd_situacao_aluno)
VALUES (87, 'Daniela da Mota', '14987526085', '15-May-1989', 'psiqueira@gmail.com', 'Condomínio Maria Pimenta, Ventosa, 42102027 Moreira do Galho / SE', 2);

INSERT INTO ALUNO (id_aluno, nm_aluno, cd_cpf_aluno, dt_nascimento_aluno, nm_email_aluno, nm_endereco_aluno, cd_situacao_aluno)
VALUES (88, 'Sra. Eloah Freitas', '24160937543', '01-Jan-1988', 'monteiromaria-alice@icloud.com', 'Travessa Lucas Gabriel Freitas, Conjunto Capitão Eduardo, 19138-000 Aparecida / PR', 2);

INSERT INTO ALUNO (id_aluno, nm_aluno, cd_cpf_aluno, dt_nascimento_aluno, nm_email_aluno, nm_endereco_aluno, cd_situacao_aluno)
VALUES (89, 'Dr. Dom Cavalcanti', '08612735408', '29-Mar-1988', 'oliveiraesther@hotmail.com', 'Rua Aparecida, 81, Santa Monica, 45187-053 Nunes da Mata / SC', 2);

INSERT INTO ALUNO (id_aluno, nm_aluno, cd_cpf_aluno, dt_nascimento_aluno, nm_email_aluno, nm_endereco_aluno, cd_situacao_aluno)
VALUES (90, 'Isabelly Martins', '57394160866', '25-Jan-1981', 'antony50@outlook.com.br', 'Rua da Costa, Nova Gameleira, 02410-386 Marques de Minas / RJ', 2);

INSERT INTO ALUNO (id_aluno, nm_aluno, cd_cpf_aluno, dt_nascimento_aluno, nm_email_aluno, nm_endereco_aluno, cd_situacao_aluno)
VALUES (91, 'Thiago Carvalho', '61035849224', '18-Jan-2005', 'vsampaio@terra.com.br', 'Fazenda Dom Costa, 29, Conjunto Califórnia Ii, 27756185 Machado / MA', 2);

INSERT INTO ALUNO (id_aluno, nm_aluno, cd_cpf_aluno, dt_nascimento_aluno, nm_email_aluno, nm_endereco_aluno, cd_situacao_aluno)
VALUES (92, 'Julia Campos', '12465703943', '04-Sep-1984', 'eduardagoncalves@icloud.com', 'Jardim Luiz Fernando Alves, 97, Vila Puc, 17121003 Costa / TO', 2);

INSERT INTO ALUNO (id_aluno, nm_aluno, cd_cpf_aluno, dt_nascimento_aluno, nm_email_aluno, nm_endereco_aluno, cd_situacao_aluno)
VALUES (93, 'Maria Fernanda Rodrigues', '14906735207', '15-Aug-2006', 'joaquim07@gmail.com', 'Passarela Maysa Alves, 36, Maria Helena, 24472099 Ramos / MA', 2);

INSERT INTO ALUNO (id_aluno, nm_aluno, cd_cpf_aluno, dt_nascimento_aluno, nm_email_aluno, nm_endereco_aluno, cd_situacao_aluno)
VALUES (94, 'Maria Sophia Novaes', '70123958695', '31-Aug-1998', 'garciaelisa@live.com', 'Rodovia de Duarte, 34, Alto Vera Cruz, 93040-785 Castro / AM', 2);

INSERT INTO ALUNO (id_aluno, nm_aluno, cd_cpf_aluno, dt_nascimento_aluno, nm_email_aluno, nm_endereco_aluno, cd_situacao_aluno)
VALUES (95, 'Isaque da Mata', '80347219640', '22-Jul-1997', 'benjamin59@yahoo.com.br', 'Setor Ana Luiza Cavalcanti, 20, Barão Homem De Melo 3ª Seção, 93087059 Cardoso / MT', 2);

INSERT INTO ALUNO (id_aluno, nm_aluno, cd_cpf_aluno, dt_nascimento_aluno, nm_email_aluno, nm_endereco_aluno, cd_situacao_aluno)
VALUES (96, 'Srta. Luna Araújo', '02869475101', '21-Oct-2000', 'gpastor@terra.com.br', 'Esplanada Siqueira, 67, Conjunto Providencia, 39264-422 Sampaio / RJ', 2);

INSERT INTO ALUNO (id_aluno, nm_aluno, cd_cpf_aluno, dt_nascimento_aluno, nm_email_aluno, nm_endereco_aluno, cd_situacao_aluno)
VALUES (97, 'Ana Beatriz Cirino', '95384076100', '27-Dec-2001', 'ceciliadias@yahoo.com.br', 'Viaduto de Porto, 17, Heliopolis, 31541006 Siqueira de Leão / CE', 2);

INSERT INTO ALUNO (id_aluno, nm_aluno, cd_cpf_aluno, dt_nascimento_aluno, nm_email_aluno, nm_endereco_aluno, cd_situacao_aluno)
VALUES (98, 'Sabrina Garcia', '58603417920', '06-Jul-1982', 'da-rochaasafe@terra.com.br', 'Loteamento Cavalcante, Lourdes, 21815-997 Lopes / RS', 2);

INSERT INTO ALUNO (id_aluno, nm_aluno, cd_cpf_aluno, dt_nascimento_aluno, nm_email_aluno, nm_endereco_aluno, cd_situacao_aluno)
VALUES (99, 'Pedro Henrique Castro', '01586324780', '31-Dec-1988', 'aragaoisabel@icloud.com', 'Núcleo Abreu, 51, Novo Ouro Preto, 31032-417 das Neves / SE', 2);

INSERT INTO ALUNO (id_aluno, nm_aluno, cd_cpf_aluno, dt_nascimento_aluno, nm_email_aluno, nm_endereco_aluno, cd_situacao_aluno)
VALUES (100, 'Olivia Mendonça', '41682350762', '01-Sep-1981', 'qmartins@uol.com.br', 'Distrito SA, 2, Vila Fumec, 86938-068 Nascimento do Amparo / RJ', 2);

INSERT INTO ALUNO (id_aluno, nm_aluno, cd_cpf_aluno, dt_nascimento_aluno, nm_email_aluno, nm_endereco_aluno, cd_situacao_aluno)
VALUES (101, 'Renan da Rosa', '16048597339', '22-May-1985', 'otaviocorreia@yahoo.com.br', 'Viela Lopes, 52, Lagoinha Leblon, 16868548 Albuquerque de Viana / RR', 2);

INSERT INTO ALUNO (id_aluno, nm_aluno, cd_cpf_aluno, dt_nascimento_aluno, nm_email_aluno, nm_endereco_aluno, cd_situacao_aluno)
VALUES (102, 'Stephany Viana', '61987403231', '28-Feb-2003', 'juliana46@live.com', 'Ladeira Guerra, Concórdia, 06530-745 Fernandes / TO', 2);

INSERT INTO ALUNO (id_aluno, nm_aluno, cd_cpf_aluno, dt_nascimento_aluno, nm_email_aluno, nm_endereco_aluno, cd_situacao_aluno)
VALUES (103, 'Leonardo da Mota', '71382956428', '01-Dec-1997', 'correialuisa@uol.com.br', 'Rua Evelyn Araújo, 521, Vila Nova Cachoeirinha 1ª Seção, 28902-330 Andrade / PB', 2);

INSERT INTO ALUNO (id_aluno, nm_aluno, cd_cpf_aluno, dt_nascimento_aluno, nm_email_aluno, nm_endereco_aluno, cd_situacao_aluno)
VALUES (104, 'Luiz Miguel Santos', '34569872000', '16-Feb-2000', 'esthermendonca@live.com', 'Trecho Clara Ferreira, 24, Jardim Alvorada, 60293333 Rezende das Pedras / PE', 2);

INSERT INTO ALUNO (id_aluno, nm_aluno, cd_cpf_aluno, dt_nascimento_aluno, nm_email_aluno, nm_endereco_aluno, cd_situacao_aluno)
VALUES (105, 'Anthony Melo', '29018453633', '30-Aug-1992', 'dferreira@bol.com.br', 'Viela Raquel Pinto, 29, Ademar Maldonado, 89944-171 da Mota Alegre / GO', 2);

INSERT INTO ALUNO (id_aluno, nm_aluno, cd_cpf_aluno, dt_nascimento_aluno, nm_email_aluno, nm_endereco_aluno, cd_situacao_aluno)
VALUES (106, 'Kaique Correia', '28304795647', '16-Apr-2001', 'qda-rocha@outlook.com.br', 'Area de Pacheco, 435, Vila Jardim São José, 58428-241 Cardoso de Sousa / GO', 2);

INSERT INTO ALUNO (id_aluno, nm_aluno, cd_cpf_aluno, dt_nascimento_aluno, nm_email_aluno, nm_endereco_aluno, cd_situacao_aluno)
VALUES (107, 'Dra. Emilly Rodrigues', '51328679446', '06-Dec-1987', 'maria-fernanda17@gmail.com', 'Rodovia Campos, 58, Nova Cintra, 22356972 Silva da Serra / SP', 2);

INSERT INTO ALUNO (id_aluno, nm_aluno, cd_cpf_aluno, dt_nascimento_aluno, nm_email_aluno, nm_endereco_aluno, cd_situacao_aluno)
VALUES (108, 'Ryan Farias', '25073916425', '28-Jul-1994', 'cardosoluara@outlook.com.br', 'Parque Anthony Andrade, 135, Carlos Prates, 83003-354 Caldeira / MG', 2);

INSERT INTO ALUNO (id_aluno, nm_aluno, cd_cpf_aluno, dt_nascimento_aluno, nm_email_aluno, nm_endereco_aluno, cd_situacao_aluno)
VALUES (109, 'Lorena Cavalcante', '10423769804', '25-Apr-1990', 'wfogaca@uol.com.br', 'Alameda Rafael Câmara, 13, Tupi A, 15064890 Ribeiro / AM', 2);

INSERT INTO ALUNO (id_aluno, nm_aluno, cd_cpf_aluno, dt_nascimento_aluno, nm_email_aluno, nm_endereco_aluno, cd_situacao_aluno)
VALUES (110, 'Alícia Aragão', '16730429534', '02-May-1986', 'da-rosalaura@hotmail.com', 'Vila de Carvalho, 91, Vila Nova Gameleira 2ª Seção, 41173934 Fogaça / RR', 2);

INSERT INTO ALUNO (id_aluno, nm_aluno, cd_cpf_aluno, dt_nascimento_aluno, nm_email_aluno, nm_endereco_aluno, cd_situacao_aluno)
VALUES (111, 'Laís Castro', '08715329488', '29-Sep-1980', 'camargomarina@yahoo.com.br', 'Campo de Silveira, 5, Vila Copasa, 74470120 Fonseca Alegre / PA', 2);

INSERT INTO ALUNO (id_aluno, nm_aluno, cd_cpf_aluno, dt_nascimento_aluno, nm_email_aluno, nm_endereco_aluno, cd_situacao_aluno)
VALUES (112, 'Srta. Aylla Teixeira', '09256174316', '27-Jan-2008', 'francisco55@yahoo.com.br', 'Quadra Yago Gomes, 36, Camponesa 2ª Seção, 02169797 Pimenta / MG', 2);

INSERT INTO ALUNO (id_aluno, nm_aluno, cd_cpf_aluno, dt_nascimento_aluno, nm_email_aluno, nm_endereco_aluno, cd_situacao_aluno)
VALUES (113, 'Sr. Davi Lucca Mendes', '71630529877', '24-Sep-1980', 'camilamoreira@icloud.com', 'Feira de Mendes, 36, Aparecida, 02877217 da Costa Alegre / GO', 2);

INSERT INTO ALUNO (id_aluno, nm_aluno, cd_cpf_aluno, dt_nascimento_aluno, nm_email_aluno, nm_endereco_aluno, cd_situacao_aluno)
VALUES (114, 'Thiago Câmara', '86971035259', '05-Dec-1982', 'umachado@hotmail.com', 'Alameda de Caldeira, 16, Saudade, 19948837 Fonseca do Norte / TO', 2);

INSERT INTO ALUNO (id_aluno, nm_aluno, cd_cpf_aluno, dt_nascimento_aluno, nm_email_aluno, nm_endereco_aluno, cd_situacao_aluno)
VALUES (115, 'Rafael Farias', '87593042600', '09-Jun-1980', 'ana88@terra.com.br', 'Residencial Carvalho, Estoril, 14933-163 Viana de Correia / RR', 2);

INSERT INTO ALUNO (id_aluno, nm_aluno, cd_cpf_aluno, dt_nascimento_aluno, nm_email_aluno, nm_endereco_aluno, cd_situacao_aluno)
VALUES (116, 'Sr. Oliver Aparecida', '91735486000', '03-Oct-1995', 'novaesluana@live.com', 'Estação de Siqueira, 71, Vila Do Pombal, 86693-465 Machado Grande / BA', 2);

INSERT INTO ALUNO (id_aluno, nm_aluno, cd_cpf_aluno, dt_nascimento_aluno, nm_email_aluno, nm_endereco_aluno, cd_situacao_aluno)
VALUES (117, 'Sophie da Rosa', '85316427955', '02-Feb-2007', 'luiz-henriquemontenegro@icloud.com', 'Morro Novais, 79, Vila Independencia 2ª Seção, 60810-620 Costa / GO', 2);

INSERT INTO ALUNO (id_aluno, nm_aluno, cd_cpf_aluno, dt_nascimento_aluno, nm_email_aluno, nm_endereco_aluno, cd_situacao_aluno)
VALUES (118, 'João Pedro Rodrigues', '42058179676', '07-May-1983', 'heloisada-costa@icloud.com', 'Avenida de Garcia, 66, São Tomaz, 04397359 Vasconcelos / SC', 2);

INSERT INTO ALUNO (id_aluno, nm_aluno, cd_cpf_aluno, dt_nascimento_aluno, nm_email_aluno, nm_endereco_aluno, cd_situacao_aluno)
VALUES (119, 'Juan Machado', '21985406306', '19-Oct-1992', 'jose-pedro29@bol.com.br', 'Distrito Bruno Cassiano, 19, Vila São Geraldo, 79851-583 Moreira / AP', 2);

INSERT INTO ALUNO (id_aluno, nm_aluno, cd_cpf_aluno, dt_nascimento_aluno, nm_email_aluno, nm_endereco_aluno, cd_situacao_aluno)
VALUES (120, 'Eduarda Leão', '89602145315', '22-Dec-1989', 'pedro-henrique98@live.com', 'Morro de Machado, Gameleira, 05616484 Moreira / TO', 2);

-- TABELA PROFESSOR
INSERT INTO PROFESSOR (id_professor, nm_professor, cd_cpf_professor, nm_email_professor, nm_especialidade_professor, dt_admissao_professor)
VALUES (SQ_PROFESSOR.NEXTVAL, 'Carlos Henrique Martins', '12345678901', 'carlos.martins@fatec.edu.br', 'Engenharia de Software', TO_DATE('2020-02-10', 'YYYY-MM-DD'));

INSERT INTO PROFESSOR (id_professor, nm_professor, cd_cpf_professor, nm_email_professor, nm_especialidade_professor, dt_admissao_professor)
VALUES (SQ_PROFESSOR.NEXTVAL, 'Fernanda Oliveira Souza', '12345678902', 'fernanda.souza@fatec.edu.br', 'Algoritmos e Programação', TO_DATE('2019-03-12', 'YYYY-MM-DD'));

INSERT INTO PROFESSOR (id_professor, nm_professor, cd_cpf_professor, nm_email_professor, nm_especialidade_professor, dt_admissao_professor)
VALUES (SQ_PROFESSOR.NEXTVAL, 'Ricardo Almeida Lima', '12345678903', 'ricardo.lima@fatec.edu.br', 'Banco de Dados', TO_DATE('2018-08-05', 'YYYY-MM-DD'));

INSERT INTO PROFESSOR (id_professor, nm_professor, cd_cpf_professor, nm_email_professor, nm_especialidade_professor, dt_admissao_professor)
VALUES (SQ_PROFESSOR.NEXTVAL, 'Juliana Ferreira Costa', '12345678904', 'juliana.costa@fatec.edu.br', 'Computação em Nuvem', TO_DATE('2021-01-15', 'YYYY-MM-DD'));

INSERT INTO PROFESSOR (id_professor, nm_professor, cd_cpf_professor, nm_email_professor, nm_especialidade_professor, dt_admissao_professor)
VALUES (SQ_PROFESSOR.NEXTVAL, 'André Luiz Pereira', '12345678905', 'andre.pereira@fatec.edu.br', 'Dispositivos Móveis', TO_DATE('2017-06-20', 'YYYY-MM-DD'));

INSERT INTO PROFESSOR (id_professor, nm_professor, cd_cpf_professor, nm_email_professor, nm_especialidade_professor, dt_admissao_professor)
VALUES (SQ_PROFESSOR.NEXTVAL, 'Marina Gomes Rocha', '12345678906', 'marina.rocha@fatec.edu.br', 'Interação Humano Computador', TO_DATE('2022-04-10', 'YYYY-MM-DD'));

INSERT INTO PROFESSOR (id_professor, nm_professor, cd_cpf_professor, nm_email_professor, nm_especialidade_professor, dt_admissao_professor)
VALUES (SQ_PROFESSOR.NEXTVAL, 'Paulo Roberto Dias', '12345678907', 'paulo.dias@fatec.edu.br', 'Estrutura de Dados', TO_DATE('2016-11-02', 'YYYY-MM-DD'));

INSERT INTO PROFESSOR (id_professor, nm_professor, cd_cpf_professor, nm_email_professor, nm_especialidade_professor, dt_admissao_professor)
VALUES (SQ_PROFESSOR.NEXTVAL, 'Camila Nunes Barbosa', '12345678908', 'camila.barbosa@fatec.edu.br', 'Logística', TO_DATE('2020-09-01', 'YYYY-MM-DD'));

INSERT INTO PROFESSOR (id_professor, nm_professor, cd_cpf_professor, nm_email_professor, nm_especialidade_professor, dt_admissao_professor)
VALUES (SQ_PROFESSOR.NEXTVAL, 'Lucas Almeida Ferreira', '12345678909', 'lucas.ferreira@fatec.edu.br', 'Redes de Computadores', TO_DATE('2019-02-18', 'YYYY-MM-DD'));

INSERT INTO PROFESSOR (id_professor, nm_professor, cd_cpf_professor, nm_email_professor, nm_especialidade_professor, dt_admissao_professor)
VALUES (SQ_PROFESSOR.NEXTVAL, 'Patricia Mendes Silva', '12345678910', 'patricia.silva@fatec.edu.br', 'Gestão de Projetos', TO_DATE('2021-07-05', 'YYYY-MM-DD'));

INSERT INTO PROFESSOR (id_professor, nm_professor, cd_cpf_professor, nm_email_professor, nm_especialidade_professor, dt_admissao_professor)
VALUES (SQ_PROFESSOR.NEXTVAL, 'Roberto César Nogueira', '12345678911', 'roberto.nogueira@fatec.edu.br', 'Segurança da Informação', TO_DATE('2018-04-22', 'YYYY-MM-DD'));

INSERT INTO PROFESSOR (id_professor, nm_professor, cd_cpf_professor, nm_email_professor, nm_especialidade_professor, dt_admissao_professor)
VALUES (SQ_PROFESSOR.NEXTVAL, 'Tatiane Ribeiro Costa', '12345678912', 'tatiane.costa@fatec.edu.br', 'Inteligência Artificial', TO_DATE('2022-01-10', 'YYYY-MM-DD'));

INSERT INTO PROFESSOR (id_professor, nm_professor, cd_cpf_professor, nm_email_professor, nm_especialidade_professor, dt_admissao_professor)
VALUES (SQ_PROFESSOR.NEXTVAL, 'Eduardo Viana Lopes', '12345678913', 'eduardo.lopes@fatec.edu.br', 'Desenvolvimento Web', TO_DATE('2020-08-14', 'YYYY-MM-DD'));

INSERT INTO PROFESSOR (id_professor, nm_professor, cd_cpf_professor, nm_email_professor, nm_especialidade_professor, dt_admissao_professor)
VALUES (SQ_PROFESSOR.NEXTVAL, 'Simone Cristina Prado', '12345678914', 'simone.prado@fatec.edu.br', 'Matematica Aplicada', TO_DATE('2017-03-27', 'YYYY-MM-DD'));

INSERT INTO PROFESSOR (id_professor, nm_professor, cd_cpf_professor, nm_email_professor, nm_especialidade_professor, dt_admissao_professor)
VALUES (SQ_PROFESSOR.NEXTVAL, 'Marcelo Augusto Teixeira', '12345678915', 'marcelo.teixeira@fatec.edu.br', 'Sistemas Operacionais', TO_DATE('2016-09-12', 'YYYY-MM-DD'));

INSERT INTO PROFESSOR (id_professor, nm_professor, cd_cpf_professor, nm_email_professor, nm_especialidade_professor, dt_admissao_professor)
VALUES (SQ_PROFESSOR.NEXTVAL, 'Vanessa Cardoso Almeida', '12345678916', 'vanessa.almeida@fatec.edu.br', 'Qualidade de Software', TO_DATE('2024-02-06', 'YYYY-MM-DD'));

INSERT INTO PROFESSOR (id_professor, nm_professor, cd_cpf_professor, nm_email_professor, nm_especialidade_professor, dt_admissao_professor)
VALUES (SQ_PROFESSOR.NEXTVAL, 'Bruno Henrique Moraes', '12345678917', 'bruno.moraes@fatec.edu.br', 'Computação Cognitiva', TO_DATE('2021-11-01', 'YYYY-MM-DD'));

INSERT INTO PROFESSOR (id_professor, nm_professor, cd_cpf_professor, nm_email_professor, nm_especialidade_professor, dt_admissao_professor)
VALUES (SQ_PROFESSOR.NEXTVAL, 'Renata Figueiredo Campos', '12345678918', 'renata.campos@fatec.edu.br', 'Empreendedorismo e Inovação', TO_DATE('2019-06-03', 'YYYY-MM-DD'));

INSERT INTO PROFESSOR (id_professor, nm_professor, cd_cpf_professor, nm_email_professor, nm_especialidade_professor, dt_admissao_professor)
VALUES (SQ_PROFESSOR.NEXTVAL, 'Gustavo Pereira Batista', '12345678919', 'gustavo.batista@fatec.edu.br', 'Arquitetura de Computadores', TO_DATE('2018-10-16', 'YYYY-MM-DD'));

INSERT INTO PROFESSOR (id_professor, nm_professor, cd_cpf_professor, nm_email_professor, nm_especialidade_professor, dt_admissao_professor)
VALUES (SQ_PROFESSOR.NEXTVAL, 'Aline Martins Gonçalves', '12345678920', 'aline.goncalves@fatec.edu.br', 'Estatística Aplicada', TO_DATE('2020-05-25', 'YYYY-MM-DD'));


-- TABELA CURSO
INSERT INTO CURSO (id_curso, sg_curso, nm_curso, ds_curso, cd_periodo_curso, qt_carga_horaria_curso, qt_semestre_curso, cd_modalidade_curso)
VALUES (1, 'ADS', 'Analise e Desenvolvimento de Sistemas', 'Curso superior de tecnologia focado em desenvolvimento de software e sistemas computacionais.', 1, 2400, 6, 1);

INSERT INTO CURSO (id_curso, sg_curso, nm_curso, ds_curso, cd_periodo_curso, qt_carga_horaria_curso, qt_semestre_curso, cd_modalidade_curso)
VALUES (2, 'DSM', 'Desenvolvimento de Software Multiplataforma', 'Curso focado no desenvolvimento de aplicações web, mobile e multiplataforma.', 1, 2400, 6, 1);

-- TABELA DISCIPINA
INSERT INTO DISCIPLINA (id_disciplina, sg_disciplina, nm_disciplina, qt_carga_horaria_disciplina)
VALUES (1, 'ENGSOF1', 'Engenharia de Software I', 80);

INSERT INTO DISCIPLINA (id_disciplina, sg_disciplina, nm_disciplina, qt_carga_horaria_disciplina)
VALUES (2, 'ALGLÓGP2', 'Algoritmos e Lógica de Programação I', 80);

INSERT INTO DISCIPLINA (id_disciplina, sg_disciplina, nm_disciplina, qt_carga_horaria_disciplina)
VALUES (3, 'SISOPE3', 'Sistemas Operacionais', 80);

INSERT INTO DISCIPLINA (id_disciplina, sg_disciplina, nm_disciplina, qt_carga_horaria_disciplina)
VALUES (4, 'ARQORGC4', 'Arquitetura e Organização de Computadores', 80);

INSERT INTO DISCIPLINA (id_disciplina, sg_disciplina, nm_disciplina, qt_carga_horaria_disciplina)
VALUES (5, 'COMEXP5', 'Comunicação e Expressão I', 80);

INSERT INTO DISCIPLINA (id_disciplina, sg_disciplina, nm_disciplina, qt_carga_horaria_disciplina)
VALUES (6, 'PROINTA6', 'Projeto Integrador ADS I', 80);

INSERT INTO DISCIPLINA (id_disciplina, sg_disciplina, nm_disciplina, qt_carga_horaria_disciplina)
VALUES (7, 'INGLÊS7', 'Inglês I', 80);

INSERT INTO DISCIPLINA (id_disciplina, sg_disciplina, nm_disciplina, qt_carga_horaria_disciplina)
VALUES (8, 'ENGSOF8', 'Engenharia de Software II', 80);

INSERT INTO DISCIPLINA (id_disciplina, sg_disciplina, nm_disciplina, qt_carga_horaria_disciplina)
VALUES (9, 'LINPRO9', 'Linguagem de Programação I', 80);

INSERT INTO DISCIPLINA (id_disciplina, sg_disciplina, nm_disciplina, qt_carga_horaria_disciplina)
VALUES (10, 'DESWEB10', 'Desenvolvimento Web I', 80);

INSERT INTO DISCIPLINA (id_disciplina, sg_disciplina, nm_disciplina, qt_carga_horaria_disciplina)
VALUES (11, 'BANDADR11', 'Banco de Dados Relacional I', 80);

INSERT INTO DISCIPLINA (id_disciplina, sg_disciplina, nm_disciplina, qt_carga_horaria_disciplina)
VALUES (12, 'COMSEGI12', 'Compliance e Segurança da Informação', 80);

INSERT INTO DISCIPLINA (id_disciplina, sg_disciplina, nm_disciplina, qt_carga_horaria_disciplina)
VALUES (13, 'PROINTA13', 'Projeto Integrador ADS II', 80);

INSERT INTO DISCIPLINA (id_disciplina, sg_disciplina, nm_disciplina, qt_carga_horaria_disciplina)
VALUES (14, 'INGLÊS14', 'Inglês II', 80);

INSERT INTO DISCIPLINA (id_disciplina, sg_disciplina, nm_disciplina, qt_carga_horaria_disciplina)
VALUES (15, 'GESPRO15', 'Gestão de Projetos', 80);

INSERT INTO DISCIPLINA (id_disciplina, sg_disciplina, nm_disciplina, qt_carga_horaria_disciplina)
VALUES (16, 'REDCOM16', 'Redes de Computadores', 80);

INSERT INTO DISCIPLINA (id_disciplina, sg_disciplina, nm_disciplina, qt_carga_horaria_disciplina)
VALUES (17, 'LINPRO17', 'Linguagem de Programação II', 80);

INSERT INTO DISCIPLINA (id_disciplina, sg_disciplina, nm_disciplina, qt_carga_horaria_disciplina)
VALUES (18, 'EMPINO18', 'Empreendedorismo e Inovação', 80);

INSERT INTO DISCIPLINA (id_disciplina, sg_disciplina, nm_disciplina, qt_carga_horaria_disciplina)
VALUES (19, 'BANDADR19', 'Banco de Dados Relacional II', 80);

INSERT INTO DISCIPLINA (id_disciplina, sg_disciplina, nm_disciplina, qt_carga_horaria_disciplina)
VALUES (20, 'PROINTA20', 'Projeto Integrador ADS III', 80);

INSERT INTO DISCIPLINA (id_disciplina, sg_disciplina, nm_disciplina, qt_carga_horaria_disciplina)
VALUES (21, 'INGLÊS21', 'Inglês III', 80);

INSERT INTO DISCIPLINA (id_disciplina, sg_disciplina, nm_disciplina, qt_carga_horaria_disciplina)
VALUES (22, 'PADPROS22', 'Padrões de Projeto de Software', 80);

INSERT INTO DISCIPLINA (id_disciplina, sg_disciplina, nm_disciplina, qt_carga_horaria_disciplina)
VALUES (23, 'ESTDAD23', 'Estrutura de Dados', 80);

INSERT INTO DISCIPLINA (id_disciplina, sg_disciplina, nm_disciplina, qt_carga_horaria_disciplina)
VALUES (24, 'ESTAPL24', 'Estatística Aplicada', 80);

INSERT INTO DISCIPLINA (id_disciplina, sg_disciplina, nm_disciplina, qt_carga_horaria_disciplina)
VALUES (25, 'DESDISM25', 'Desenvolvimento para Dispositivos Móveis I', 80);

INSERT INTO DISCIPLINA (id_disciplina, sg_disciplina, nm_disciplina, qt_carga_horaria_disciplina)
VALUES (26, 'INTHUMC26', 'Interação Humano Computador', 80);

INSERT INTO DISCIPLINA (id_disciplina, sg_disciplina, nm_disciplina, qt_carga_horaria_disciplina)
VALUES (27, 'PROINTA27', 'Projeto Integrador ADS IV', 80);

INSERT INTO DISCIPLINA (id_disciplina, sg_disciplina, nm_disciplina, qt_carga_horaria_disciplina)
VALUES (28, 'INGLÊS28', 'Inglês IV', 80);

INSERT INTO DISCIPLINA (id_disciplina, sg_disciplina, nm_disciplina, qt_carga_horaria_disciplina)
VALUES (29, 'QUATESS29', 'Qualidade e Testes de Software', 80);

INSERT INTO DISCIPLINA (id_disciplina, sg_disciplina, nm_disciplina, qt_carga_horaria_disciplina)
VALUES (30, 'SISEMBI30', 'Sistemas Embarcados e IoT', 80);

INSERT INTO DISCIPLINA (id_disciplina, sg_disciplina, nm_disciplina, qt_carga_horaria_disciplina)
VALUES (31, 'ENGAPLW31', 'Engenharia de Aplicações Web', 80);

INSERT INTO DISCIPLINA (id_disciplina, sg_disciplina, nm_disciplina, qt_carga_horaria_disciplina)
VALUES (32, 'INTARTA32', 'Inteligência Artificial e Aplicações', 80);

INSERT INTO DISCIPLINA (id_disciplina, sg_disciplina, nm_disciplina, qt_carga_horaria_disciplina)
VALUES (33, 'MINDAD33', 'Mineração de Dados', 80);

INSERT INTO DISCIPLINA (id_disciplina, sg_disciplina, nm_disciplina, qt_carga_horaria_disciplina)
VALUES (34, 'PROINTA34', 'Projeto Integrador ADS V', 80);

INSERT INTO DISCIPLINA (id_disciplina, sg_disciplina, nm_disciplina, qt_carga_horaria_disciplina)
VALUES (35, 'INGLÊS35', 'Inglês V', 80);

INSERT INTO DISCIPLINA (id_disciplina, sg_disciplina, nm_disciplina, qt_carga_horaria_disciplina)
VALUES (36, 'COMCOG36', 'Computação Cognitiva', 80);

INSERT INTO DISCIPLINA (id_disciplina, sg_disciplina, nm_disciplina, qt_carga_horaria_disciplina)
VALUES (37, 'COMNUV37', 'Computação em Nuvem I', 80);

INSERT INTO DISCIPLINA (id_disciplina, sg_disciplina, nm_disciplina, qt_carga_horaria_disciplina)
VALUES (38, 'ENGINTW38', 'Engenharia de Interfaces Web', 80);

INSERT INTO DISCIPLINA (id_disciplina, sg_disciplina, nm_disciplina, qt_carga_horaria_disciplina)
VALUES (39, 'VISCOM39', 'Visão Computacional', 80);

INSERT INTO DISCIPLINA (id_disciplina, sg_disciplina, nm_disciplina, qt_carga_horaria_disciplina)
VALUES (40, 'GESGOVT40', 'Gestão e Governança de Tecnologia da Informação', 80);

INSERT INTO DISCIPLINA (id_disciplina, sg_disciplina, nm_disciplina, qt_carga_horaria_disciplina)
VALUES (41, 'PROINTA41', 'Projeto Integrador ADS VI', 80);

INSERT INTO DISCIPLINA (id_disciplina, sg_disciplina, nm_disciplina, qt_carga_horaria_disciplina)
VALUES (42, 'INGLÊS42', 'Inglês VI', 80);

INSERT INTO DISCIPLINA (id_disciplina, sg_disciplina, nm_disciplina, qt_carga_horaria_disciplina)
VALUES (43, 'ADMGER43', 'Administração Geral', 80);

INSERT INTO DISCIPLINA (id_disciplina, sg_disciplina, nm_disciplina, qt_carga_horaria_disciplina)
VALUES (44, 'COMEXT44', 'Comércio Exterior', 80);

INSERT INTO DISCIPLINA (id_disciplina, sg_disciplina, nm_disciplina, qt_carga_horaria_disciplina)
VALUES (45, 'FUNDIRP45', 'Fundamentos do Direito Público e Privado', 80);

INSERT INTO DISCIPLINA (id_disciplina, sg_disciplina, nm_disciplina, qt_carga_horaria_disciplina)
VALUES (46, 'MATAPLC46', 'Matematica Aplicada ao Comércio Exterior', 80);

INSERT INTO DISCIPLINA (id_disciplina, sg_disciplina, nm_disciplina, qt_carga_horaria_disciplina)
VALUES (47, 'METCIE47', 'Metodologia Científica', 80);

INSERT INTO DISCIPLINA (id_disciplina, sg_disciplina, nm_disciplina, qt_carga_horaria_disciplina)
VALUES (48, 'COMEXP48', 'Comunicação e Expressão II', 80);

INSERT INTO DISCIPLINA (id_disciplina, sg_disciplina, nm_disciplina, qt_carga_horaria_disciplina)
VALUES (49, 'CONGER49', 'Contabilidade Gerencial', 80);

INSERT INTO DISCIPLINA (id_disciplina, sg_disciplina, nm_disciplina, qt_carga_horaria_disciplina)
VALUES (50, 'DIRINT50', 'Direito Internacional', 80);

INSERT INTO DISCIPLINA (id_disciplina, sg_disciplina, nm_disciplina, qt_carga_horaria_disciplina)
VALUES (51, 'ECONOMI51', 'Economia', 80);

INSERT INTO DISCIPLINA (id_disciplina, sg_disciplina, nm_disciplina, qt_carga_horaria_disciplina)
VALUES (52, 'ESTAPLC52', 'Estatística Aplicada ao Comércio Exterior', 80);

INSERT INTO DISCIPLINA (id_disciplina, sg_disciplina, nm_disciplina, qt_carga_horaria_disciplina)
VALUES (53, 'POLCOME53', 'Política Comercial Externa', 80);

INSERT INTO DISCIPLINA (id_disciplina, sg_disciplina, nm_disciplina, qt_carga_horaria_disciplina)
VALUES (54, 'PROCOME54', 'Projeto em Comércio Exterior I', 80);

INSERT INTO DISCIPLINA (id_disciplina, sg_disciplina, nm_disciplina, qt_carga_horaria_disciplina)
VALUES (55, 'ECOINT55', 'Economia Internacional', 80);

INSERT INTO DISCIPLINA (id_disciplina, sg_disciplina, nm_disciplina, qt_carga_horaria_disciplina)
VALUES (56, 'ESPANHO56', 'Espanhol I', 80);

INSERT INTO DISCIPLINA (id_disciplina, sg_disciplina, nm_disciplina, qt_carga_horaria_disciplina)
VALUES (57, 'GESFIN57', 'Gestão Financeira', 80);

INSERT INTO DISCIPLINA (id_disciplina, sg_disciplina, nm_disciplina, qt_carga_horaria_disciplina)
VALUES (58, 'LOGISTI58', 'Logística', 80);

INSERT INTO DISCIPLINA (id_disciplina, sg_disciplina, nm_disciplina, qt_carga_horaria_disciplina)
VALUES (59, 'MODTRAS59', 'Modais de Transporte e Seguro de Carga', 80);

INSERT INTO DISCIPLINA (id_disciplina, sg_disciplina, nm_disciplina, qt_carga_horaria_disciplina)
VALUES (60, 'PROCOME60', 'Projeto em Comércio Exterior II', 80);

INSERT INTO DISCIPLINA (id_disciplina, sg_disciplina, nm_disciplina, qt_carga_horaria_disciplina)
VALUES (61, 'ESPANHO61', 'Espanhol II', 80);

INSERT INTO DISCIPLINA (id_disciplina, sg_disciplina, nm_disciplina, qt_carga_horaria_disciplina)
VALUES (62, 'LEGADU62', 'Legislação Aduaneira', 80);

INSERT INTO DISCIPLINA (id_disciplina, sg_disciplina, nm_disciplina, qt_carga_horaria_disciplina)
VALUES (63, 'LOGINT63', 'Logística Internacional', 80);

INSERT INTO DISCIPLINA (id_disciplina, sg_disciplina, nm_disciplina, qt_carga_horaria_disciplina)
VALUES (64, 'MARINT64', 'Marketing Internacional', 80);

INSERT INTO DISCIPLINA (id_disciplina, sg_disciplina, nm_disciplina, qt_carga_horaria_disciplina)
VALUES (65, 'PROCOME65', 'Projeto em Comércio Exterior III', 80);

INSERT INTO DISCIPLINA (id_disciplina, sg_disciplina, nm_disciplina, qt_carga_horaria_disciplina)
VALUES (66, 'SISCOME66', 'Sistematica do Comércio Exterior', 80);

INSERT INTO DISCIPLINA (id_disciplina, sg_disciplina, nm_disciplina, qt_carga_horaria_disciplina)
VALUES (67, 'ESPANHO67', 'Espanhol III', 80);

INSERT INTO DISCIPLINA (id_disciplina, sg_disciplina, nm_disciplina, qt_carga_horaria_disciplina)
VALUES (68, 'GESAMBP68', 'Gestão Ambiental Portuaria', 80);

INSERT INTO DISCIPLINA (id_disciplina, sg_disciplina, nm_disciplina, qt_carga_horaria_disciplina)
VALUES (69, 'GESCUST69', 'Gestão de Custos e Tributos', 80);

INSERT INTO DISCIPLINA (id_disciplina, sg_disciplina, nm_disciplina, qt_carga_horaria_disciplina)
VALUES (70, 'PROCOME70', 'Projeto em Comércio Exterior IV', 80);

INSERT INTO DISCIPLINA (id_disciplina, sg_disciplina, nm_disciplina, qt_carga_horaria_disciplina)
VALUES (71, 'REGADUE71', 'Regimes Aduaneiros Especiais', 80);

INSERT INTO DISCIPLINA (id_disciplina, sg_disciplina, nm_disciplina, qt_carga_horaria_disciplina)
VALUES (72, 'TEOPRAC72', 'Teoria e Prática Cambial', 80);

INSERT INTO DISCIPLINA (id_disciplina, sg_disciplina, nm_disciplina, qt_carga_horaria_disciplina)
VALUES (73, 'ESPANHO73', 'Espanhol IV', 80);

INSERT INTO DISCIPLINA (id_disciplina, sg_disciplina, nm_disciplina, qt_carga_horaria_disciplina)
VALUES (74, 'GESOPEP74', 'Gestão de Operações Portuarias', 80);

INSERT INTO DISCIPLINA (id_disciplina, sg_disciplina, nm_disciplina, qt_carga_horaria_disciplina)
VALUES (75, 'GESESTI75', 'Gestão Estratégica Internacional', 80);

INSERT INTO DISCIPLINA (id_disciplina, sg_disciplina, nm_disciplina, qt_carga_horaria_disciplina)
VALUES (76, 'MERFINI76', 'Mercado e Finanças Internacionais', 80);

INSERT INTO DISCIPLINA (id_disciplina, sg_disciplina, nm_disciplina, qt_carga_horaria_disciplina)
VALUES (77, 'PROCOME77', 'Projeto em Comércio Exterior V', 80);

INSERT INTO DISCIPLINA (id_disciplina, sg_disciplina, nm_disciplina, qt_carga_horaria_disciplina)
VALUES (78, 'TECNEGI78', 'Técnicas de Negociação Internacional', 80);

INSERT INTO DISCIPLINA (id_disciplina, sg_disciplina, nm_disciplina, qt_carga_horaria_disciplina)
VALUES (79, 'DESDIG79', 'Design Digital', 80);

INSERT INTO DISCIPLINA (id_disciplina, sg_disciplina, nm_disciplina, qt_carga_horaria_disciplina)
VALUES (80, 'MODBAND80', 'Modelagem de Banco de Dados', 80);

INSERT INTO DISCIPLINA (id_disciplina, sg_disciplina, nm_disciplina, qt_carga_horaria_disciplina)
VALUES (81, 'SISOPER81', 'Sistemas Operacionais e Redes de Computadores', 80);

INSERT INTO DISCIPLINA (id_disciplina, sg_disciplina, nm_disciplina, qt_carga_horaria_disciplina)
VALUES (82, 'TECPRO82', 'Técnicas de Programação I', 80);

INSERT INTO DISCIPLINA (id_disciplina, sg_disciplina, nm_disciplina, qt_carga_horaria_disciplina)
VALUES (83, 'DESWEB83', 'Desenvolvimento Web II', 80);

INSERT INTO DISCIPLINA (id_disciplina, sg_disciplina, nm_disciplina, qt_carga_horaria_disciplina)
VALUES (84, 'MATCOM84', 'Matematica para Computação', 80);

INSERT INTO DISCIPLINA (id_disciplina, sg_disciplina, nm_disciplina, qt_carga_horaria_disciplina)
VALUES (85, 'ALGLÓGP85', 'Algoritmos e Lógica de Programação II', 80);

INSERT INTO DISCIPLINA (id_disciplina, sg_disciplina, nm_disciplina, qt_carga_horaria_disciplina)
VALUES (86, 'DESWEB86', 'Desenvolvimento Web III', 80);

INSERT INTO DISCIPLINA (id_disciplina, sg_disciplina, nm_disciplina, qt_carga_horaria_disciplina)
VALUES (87, 'ALGLIN87', 'Álgebra Linear', 80);

INSERT INTO DISCIPLINA (id_disciplina, sg_disciplina, nm_disciplina, qt_carga_horaria_disciplina)
VALUES (88, 'GESAGIP88', 'Gestão Ágil de Projetos de Software', 80);

INSERT INTO DISCIPLINA (id_disciplina, sg_disciplina, nm_disciplina, qt_carga_horaria_disciplina)
VALUES (89, 'BANDADN89', 'Banco de Dados Não Relacional', 80);

INSERT INTO DISCIPLINA (id_disciplina, sg_disciplina, nm_disciplina, qt_carga_horaria_disciplina)
VALUES (90, 'INTENTC90', 'Integração e Entrega Contínua', 80);

INSERT INTO DISCIPLINA (id_disciplina, sg_disciplina, nm_disciplina, qt_carga_horaria_disciplina)
VALUES (91, 'LABDESW91', 'Laboratório de Desenvolvimento Web', 80);

INSERT INTO DISCIPLINA (id_disciplina, sg_disciplina, nm_disciplina, qt_carga_horaria_disciplina)
VALUES (92, 'INTDASC92', 'Internet das Coisas e Aplicações', 80);

INSERT INTO DISCIPLINA (id_disciplina, sg_disciplina, nm_disciplina, qt_carga_horaria_disciplina)
VALUES (93, 'EXPUSU93', 'Experiência do Usuario', 80);

INSERT INTO DISCIPLINA (id_disciplina, sg_disciplina, nm_disciplina, qt_carga_horaria_disciplina)
VALUES (94, 'APRMAQ94', 'Aprendizagem de Máquina', 80);

INSERT INTO DISCIPLINA (id_disciplina, sg_disciplina, nm_disciplina, qt_carga_horaria_disciplina)
VALUES (95, 'LABDESD95', 'Laboratório de Desenvolvimento para Dispositivos Móveis', 80);

INSERT INTO DISCIPLINA (id_disciplina, sg_disciplina, nm_disciplina, qt_carga_horaria_disciplina)
VALUES (96, 'DESDISM96', 'Desenvolvimento para Dispositivos Móveis II', 80);

INSERT INTO DISCIPLINA (id_disciplina, sg_disciplina, nm_disciplina, qt_carga_horaria_disciplina)
VALUES (97, 'SEGNODE97', 'Segurança no Desenvolvimento de Aplicações', 80);

INSERT INTO DISCIPLINA (id_disciplina, sg_disciplina, nm_disciplina, qt_carga_horaria_disciplina)
VALUES (98, 'FUNREDT98', 'Fundamentos da Redação Técnica', 80);

INSERT INTO DISCIPLINA (id_disciplina, sg_disciplina, nm_disciplina, qt_carga_horaria_disciplina)
VALUES (99, 'COMNUV99', 'Computação em Nuvem II', 80);

INSERT INTO DISCIPLINA (id_disciplina, sg_disciplina, nm_disciplina, qt_carga_horaria_disciplina)
VALUES (100, 'PROLINN100', 'Processamento de Linguagem Natural', 80);

INSERT INTO DISCIPLINA (id_disciplina, sg_disciplina, nm_disciplina, qt_carga_horaria_disciplina)
VALUES (101, 'LABDESM101', 'Laboratório de Desenvolvimento Multiplataforma', 80);

INSERT INTO DISCIPLINA (id_disciplina, sg_disciplina, nm_disciplina, qt_carga_horaria_disciplina)
VALUES (102, 'ETIPROP102', 'Etica Profissional e Patentes', 80);

INSERT INTO DISCIPLINA (id_disciplina, sg_disciplina, nm_disciplina, qt_carga_horaria_disciplina)
VALUES (103, 'PROINTG103', 'Projeto Integrador em Gestão Empresarial I', 80);

INSERT INTO DISCIPLINA (id_disciplina, sg_disciplina, nm_disciplina, qt_carga_horaria_disciplina)
VALUES (104, 'CONTABI104', 'Contabilidade', 80);

INSERT INTO DISCIPLINA (id_disciplina, sg_disciplina, nm_disciplina, qt_carga_horaria_disciplina)
VALUES (105, 'INFAPLG105', 'Informatica Aplicada à Gestão', 80);

INSERT INTO DISCIPLINA (id_disciplina, sg_disciplina, nm_disciplina, qt_carga_horaria_disciplina)
VALUES (106, 'TECINO106', 'Sociedade, Tecnologia e Inovação', 80);

INSERT INTO DISCIPLINA (id_disciplina, sg_disciplina, nm_disciplina, qt_carga_horaria_disciplina)
VALUES (107, 'MATEMAT107', 'Matemática', 80);

INSERT INTO DISCIPLINA (id_disciplina, sg_disciplina, nm_disciplina, qt_carga_horaria_disciplina)
VALUES (108, 'PROINTG108', 'Projeto Integrador em Gestão Empresarial II', 80);

INSERT INTO DISCIPLINA (id_disciplina, sg_disciplina, nm_disciplina, qt_carga_horaria_disciplina)
VALUES (109, 'COMORG109', 'Comportamento Organizacional', 80);

INSERT INTO DISCIPLINA (id_disciplina, sg_disciplina, nm_disciplina, qt_carga_horaria_disciplina)
VALUES (110, 'SOCDASO110', 'Sociologia das Organizações', 80);

INSERT INTO DISCIPLINA (id_disciplina, sg_disciplina, nm_disciplina, qt_carga_horaria_disciplina)
VALUES (111, 'GESAMBE111', 'Gestão Ambiental Empresarial', 80);

INSERT INTO DISCIPLINA (id_disciplina, sg_disciplina, nm_disciplina, qt_carga_horaria_disciplina)
VALUES (112, 'ESTAPLG112', 'Estatística Aplicada à Gestão', 80);

INSERT INTO DISCIPLINA (id_disciplina, sg_disciplina, nm_disciplina, qt_carga_horaria_disciplina)
VALUES (113, 'PROINTG113', 'Projeto Integrador em Gestão Empresarial III', 80);

INSERT INTO DISCIPLINA (id_disciplina, sg_disciplina, nm_disciplina, qt_carga_horaria_disciplina)
VALUES (114, 'GESPES114', 'Gestão de Pessoas', 80);

INSERT INTO DISCIPLINA (id_disciplina, sg_disciplina, nm_disciplina, qt_carga_horaria_disciplina)
VALUES (115, 'GESMAR115', 'Gestão de Marketing', 80);

INSERT INTO DISCIPLINA (id_disciplina, sg_disciplina, nm_disciplina, qt_carga_horaria_disciplina)
VALUES (116, 'SISMET116', 'Organização, Sistemas e Métodos', 80);

INSERT INTO DISCIPLINA (id_disciplina, sg_disciplina, nm_disciplina, qt_carga_horaria_disciplina)
VALUES (117, 'SISINF117', 'Sistemas de Informação', 80);

INSERT INTO DISCIPLINA (id_disciplina, sg_disciplina, nm_disciplina, qt_carga_horaria_disciplina)
VALUES (118, 'MATFIN118', 'Matematica Financeira', 80);

INSERT INTO DISCIPLINA (id_disciplina, sg_disciplina, nm_disciplina, qt_carga_horaria_disciplina)
VALUES (119, 'PROINTG119', 'Projeto Integrador em Gestão Empresarial IV', 80);

INSERT INTO DISCIPLINA (id_disciplina, sg_disciplina, nm_disciplina, qt_carga_horaria_disciplina)
VALUES (120, 'PLAMAR120', 'Planejamento de Marketing', 80);

INSERT INTO DISCIPLINA (id_disciplina, sg_disciplina, nm_disciplina, qt_carga_horaria_disciplina)
VALUES (121, 'COMEMP121', 'Comunicação Empresarial', 80);

INSERT INTO DISCIPLINA (id_disciplina, sg_disciplina, nm_disciplina, qt_carga_horaria_disciplina)
VALUES (122, 'DIREMP122', 'Direito Empresarial', 80);

INSERT INTO DISCIPLINA (id_disciplina, sg_disciplina, nm_disciplina, qt_carga_horaria_disciplina)
VALUES (123, 'PROINTG123', 'Projeto Integrador em Gestão Empresarial V', 80);

INSERT INTO DISCIPLINA (id_disciplina, sg_disciplina, nm_disciplina, qt_carga_horaria_disciplina)
VALUES (124, 'ANAINV124', 'Análise de Investimentos', 80);

INSERT INTO DISCIPLINA (id_disciplina, sg_disciplina, nm_disciplina, qt_carga_horaria_disciplina)
VALUES (125, 'GESPROO125', 'Gestão da Produção e Operações', 80);

INSERT INTO DISCIPLINA (id_disciplina, sg_disciplina, nm_disciplina, qt_carga_horaria_disciplina)
VALUES (126, 'GESQUA126', 'Gestão da Qualidade', 80);

INSERT INTO DISCIPLINA (id_disciplina, sg_disciplina, nm_disciplina, qt_carga_horaria_disciplina)
VALUES (127, 'PROPESG127', 'Projeto de Pesquisa em Gestão Empresarial', 80);

INSERT INTO DISCIPLINA (id_disciplina, sg_disciplina, nm_disciplina, qt_carga_horaria_disciplina)
VALUES (128, 'PROINTG128', 'Projeto Integrador em Gestão Empresarial VI', 80);

INSERT INTO DISCIPLINA (id_disciplina, sg_disciplina, nm_disciplina, qt_carga_horaria_disciplina)
VALUES (129, 'DESNEG129', 'Desenvolvimento de Negócios', 80);

INSERT INTO DISCIPLINA (id_disciplina, sg_disciplina, nm_disciplina, qt_carga_horaria_disciplina)
VALUES (130, 'PLAGESE130', 'Planejamento e Gestão Estratégica', 80);

INSERT INTO DISCIPLINA (id_disciplina, sg_disciplina, nm_disciplina, qt_carga_horaria_disciplina)
VALUES (131, 'NEGINT131', 'Negócios Internacionais', 80);

INSERT INTO DISCIPLINA (id_disciplina, sg_disciplina, nm_disciplina, qt_carga_horaria_disciplina)
VALUES (132, 'SISINTG132', 'Sistemas Integrados de Gestão', 80);

INSERT INTO DISCIPLINA (id_disciplina, sg_disciplina, nm_disciplina, qt_carga_horaria_disciplina)
VALUES (133, 'TECINF133', 'Tecnologia da Informação', 80);

INSERT INTO DISCIPLINA (id_disciplina, sg_disciplina, nm_disciplina, qt_carga_horaria_disciplina)
VALUES (134, 'QUIGERE134', 'Química Geral e Experimental', 80);

INSERT INTO DISCIPLINA (id_disciplina, sg_disciplina, nm_disciplina, qt_carga_horaria_disciplina)
VALUES (135, 'QUIINO135', 'Química Inorgânica', 80);

INSERT INTO DISCIPLINA (id_disciplina, sg_disciplina, nm_disciplina, qt_carga_horaria_disciplina)
VALUES (136, 'FISICA136', 'Física', 80);

INSERT INTO DISCIPLINA (id_disciplina, sg_disciplina, nm_disciplina, qt_carga_horaria_disciplina)
VALUES (137, 'FUNMATC137', 'Fundamentos de Matematica para Cálculo', 80);

INSERT INTO DISCIPLINA (id_disciplina, sg_disciplina, nm_disciplina, qt_carga_horaria_disciplina)
VALUES (138, 'GESAMB138', 'Gestão Ambiental', 80);

INSERT INTO DISCIPLINA (id_disciplina, sg_disciplina, nm_disciplina, qt_carga_horaria_disciplina)
VALUES (139, 'DESTECA139', 'Desenho Técnico Assistido por Computador', 80);

INSERT INTO DISCIPLINA (id_disciplina, sg_disciplina, nm_disciplina, qt_carga_horaria_disciplina)
VALUES (140, 'QUIORG140', 'Química Orgânica', 80);

INSERT INTO DISCIPLINA (id_disciplina, sg_disciplina, nm_disciplina, qt_carga_horaria_disciplina)
VALUES (141, 'DISC141', 'Físico-Química', 80);

INSERT INTO DISCIPLINA (id_disciplina, sg_disciplina, nm_disciplina, qt_carga_horaria_disciplina)
VALUES (142, 'QUIANA142', 'Química Analítica', 80);

INSERT INTO DISCIPLINA (id_disciplina, sg_disciplina, nm_disciplina, qt_carga_horaria_disciplina)
VALUES (143, 'CALCULO143', 'Cálculo', 80);

INSERT INTO DISCIPLINA (id_disciplina, sg_disciplina, nm_disciplina, qt_carga_horaria_disciplina)
VALUES (144, 'ANAINS144', 'Análise Instrumental', 80);

INSERT INTO DISCIPLINA (id_disciplina, sg_disciplina, nm_disciplina, qt_carga_horaria_disciplina)
VALUES (145, 'MANIND145', 'Manutenção Industrial', 80);

INSERT INTO DISCIPLINA (id_disciplina, sg_disciplina, nm_disciplina, qt_carga_horaria_disciplina)
VALUES (146, 'ENGENE146', 'Engenharia da Energia', 80);

INSERT INTO DISCIPLINA (id_disciplina, sg_disciplina, nm_disciplina, qt_carga_horaria_disciplina)
VALUES (147, 'PLACONP147', 'Planejamento e Controle da Produção', 80);

INSERT INTO DISCIPLINA (id_disciplina, sg_disciplina, nm_disciplina, qt_carga_horaria_disciplina)
VALUES (148, 'MICAPLB148', 'Microbiologia Aplicada à Biotecnologia', 80);

INSERT INTO DISCIPLINA (id_disciplina, sg_disciplina, nm_disciplina, qt_carga_horaria_disciplina)
VALUES (149, 'TRACAL149', 'Transferência de Calor', 80);

INSERT INTO DISCIPLINA (id_disciplina, sg_disciplina, nm_disciplina, qt_carga_horaria_disciplina)
VALUES (150, 'MECDOSF150', 'Mecânica dos Fluidos', 80);

INSERT INTO DISCIPLINA (id_disciplina, sg_disciplina, nm_disciplina, qt_carga_horaria_disciplina)
VALUES (151, 'OPEUNI151', 'Operações Unitarias I', 80);

INSERT INTO DISCIPLINA (id_disciplina, sg_disciplina, nm_disciplina, qt_carga_horaria_disciplina)
VALUES (152, 'QUIMEIA152', 'Química do Meio Ambiente', 80);

INSERT INTO DISCIPLINA (id_disciplina, sg_disciplina, nm_disciplina, qt_carga_horaria_disciplina)
VALUES (153, 'BIOTECD153', 'Bioquímica e Tecnologia das Fermentações', 80);

INSERT INTO DISCIPLINA (id_disciplina, sg_disciplina, nm_disciplina, qt_carga_horaria_disciplina)
VALUES (154, 'GEOMIN154', 'Geologia e Mineralogia', 80);

INSERT INTO DISCIPLINA (id_disciplina, sg_disciplina, nm_disciplina, qt_carga_horaria_disciplina)
VALUES (155, 'ESTDES155', 'Estatística Descritiva', 80);

INSERT INTO DISCIPLINA (id_disciplina, sg_disciplina, nm_disciplina, qt_carga_horaria_disciplina)
VALUES (156, 'OPEUNI156', 'Operações Unitarias II', 80);

INSERT INTO DISCIPLINA (id_disciplina, sg_disciplina, nm_disciplina, qt_carga_horaria_disciplina)
VALUES (157, 'CORROSA157', 'Corrosão', 80);

INSERT INTO DISCIPLINA (id_disciplina, sg_disciplina, nm_disciplina, qt_carga_horaria_disciplina)
VALUES (158, 'PROQUI158', 'Processos Químicos I', 80);

INSERT INTO DISCIPLINA (id_disciplina, sg_disciplina, nm_disciplina, qt_carga_horaria_disciplina)
VALUES (159, 'CONGARQ159', 'Controle e Garantia da Qualidade', 80);

INSERT INTO DISCIPLINA (id_disciplina, sg_disciplina, nm_disciplina, qt_carga_horaria_disciplina)
VALUES (160, 'TECDOSM160', 'Tecnologia dos Materiais', 80);

INSERT INTO DISCIPLINA (id_disciplina, sg_disciplina, nm_disciplina, qt_carga_horaria_disciplina)
VALUES (161, 'FUNLOG161', 'Fundamentos de Logística', 80);

INSERT INTO DISCIPLINA (id_disciplina, sg_disciplina, nm_disciplina, qt_carga_horaria_disciplina)
VALUES (162, 'TRAEFL162', 'Tratamento de Efluentes', 80);

INSERT INTO DISCIPLINA (id_disciplina, sg_disciplina, nm_disciplina, qt_carga_horaria_disciplina)
VALUES (163, 'PROPETG163', 'Processamento do Petróleo e GAs Natural', 80);

INSERT INTO DISCIPLINA (id_disciplina, sg_disciplina, nm_disciplina, qt_carga_horaria_disciplina)
VALUES (164, 'GESECOA164', 'Gestão Econômica e Administrativa na Indústria Química', 80);

INSERT INTO DISCIPLINA (id_disciplina, sg_disciplina, nm_disciplina, qt_carga_horaria_disciplina)
VALUES (165, 'SAUSEGO165', 'Saúde e Segurança Ocupacional', 80);

INSERT INTO DISCIPLINA (id_disciplina, sg_disciplina, nm_disciplina, qt_carga_horaria_disciplina)
VALUES (166, 'PROQUI166', 'Processos Químicos II', 80);

INSERT INTO DISCIPLINA (id_disciplina, sg_disciplina, nm_disciplina, qt_carga_horaria_disciplina)
VALUES (167, 'LEGNAIN167', 'Legislação na Indústria Química', 80);

INSERT INTO DISCIPLINA (id_disciplina, sg_disciplina, nm_disciplina, qt_carga_horaria_disciplina)
VALUES (168, 'CONPROQ168', 'Controle de Processos Químicos', 80);

INSERT INTO DISCIPLINA (id_disciplina, sg_disciplina, nm_disciplina, qt_carga_horaria_disciplina)
VALUES (169, 'INSIND169', 'Instrumentação Industrial', 80);

-- COMPONENTE_CURRICULAR
INSERT INTO COMPONENTE_CURRICULAR (id_componente_curricular, id_curso, id_disciplina, id_ciclo_componente_curricular, id_professor) VALUES
(1,1,1,1,5);

INSERT INTO COMPONENTE_CURRICULAR (id_componente_curricular, id_curso, id_disciplina, id_ciclo_componente_curricular, id_professor) VALUES
(2,1,2,1,3);

INSERT INTO COMPONENTE_CURRICULAR (id_componente_curricular, id_curso, id_disciplina, id_ciclo_componente_curricular, id_professor) VALUES
(3,1,3,1,2);

INSERT INTO COMPONENTE_CURRICULAR (id_componente_curricular, id_curso, id_disciplina, id_ciclo_componente_curricular, id_professor) VALUES
(4,1,4,1,14);

INSERT INTO COMPONENTE_CURRICULAR (id_componente_curricular, id_curso, id_disciplina, id_ciclo_componente_curricular, id_professor) VALUES
(5,1,5,1,11);

INSERT INTO COMPONENTE_CURRICULAR (id_componente_curricular, id_curso, id_disciplina, id_ciclo_componente_curricular, id_professor) VALUES
(6,1,6,1,13);

INSERT INTO COMPONENTE_CURRICULAR (id_componente_curricular, id_curso, id_disciplina, id_ciclo_componente_curricular, id_professor) VALUES
(7,1,7,1,20);

INSERT INTO COMPONENTE_CURRICULAR (id_componente_curricular, id_curso, id_disciplina, id_ciclo_componente_curricular, id_professor) VALUES
(8,1,8,2,16);

INSERT INTO COMPONENTE_CURRICULAR (id_componente_curricular, id_curso, id_disciplina, id_ciclo_componente_curricular, id_professor) VALUES
(9,1,9,2,13);

INSERT INTO COMPONENTE_CURRICULAR (id_componente_curricular, id_curso, id_disciplina, id_ciclo_componente_curricular, id_professor) VALUES
(10,1,10,2,6);

INSERT INTO COMPONENTE_CURRICULAR (id_componente_curricular, id_curso, id_disciplina, id_ciclo_componente_curricular, id_professor) VALUES
(11,1,11,2,2);

INSERT INTO COMPONENTE_CURRICULAR (id_componente_curricular, id_curso, id_disciplina, id_ciclo_componente_curricular, id_professor) VALUES
(12,1,12,2,5);

INSERT INTO COMPONENTE_CURRICULAR (id_componente_curricular, id_curso, id_disciplina, id_ciclo_componente_curricular, id_professor) VALUES
(13,1,13,2,18);

INSERT INTO COMPONENTE_CURRICULAR (id_componente_curricular, id_curso, id_disciplina, id_ciclo_componente_curricular, id_professor) VALUES
(14,1,14,2,20);

INSERT INTO COMPONENTE_CURRICULAR (id_componente_curricular, id_curso, id_disciplina, id_ciclo_componente_curricular, id_professor) VALUES
(15,1,15,3,16);

INSERT INTO COMPONENTE_CURRICULAR (id_componente_curricular, id_curso, id_disciplina, id_ciclo_componente_curricular, id_professor) VALUES
(16,1,16,3,4);

INSERT INTO COMPONENTE_CURRICULAR (id_componente_curricular, id_curso, id_disciplina, id_ciclo_componente_curricular, id_professor) VALUES
(17,1,17,3,13);

INSERT INTO COMPONENTE_CURRICULAR (id_componente_curricular, id_curso, id_disciplina, id_ciclo_componente_curricular, id_professor) VALUES
(18,1,18,3,7);

INSERT INTO COMPONENTE_CURRICULAR (id_componente_curricular, id_curso, id_disciplina, id_ciclo_componente_curricular, id_professor) VALUES
(19,1,19,3,2);

INSERT INTO COMPONENTE_CURRICULAR (id_componente_curricular, id_curso, id_disciplina, id_ciclo_componente_curricular, id_professor) VALUES
(20,1,20,3,18);

INSERT INTO COMPONENTE_CURRICULAR (id_componente_curricular, id_curso, id_disciplina, id_ciclo_componente_curricular, id_professor) VALUES
(21,1,21,3,3);

INSERT INTO COMPONENTE_CURRICULAR (id_componente_curricular, id_curso, id_disciplina, id_ciclo_componente_curricular, id_professor) VALUES
(22,1,22,4,17);

INSERT INTO COMPONENTE_CURRICULAR (id_componente_curricular, id_curso, id_disciplina, id_ciclo_componente_curricular, id_professor) VALUES
(23,1,23,4,4);

INSERT INTO COMPONENTE_CURRICULAR (id_componente_curricular, id_curso, id_disciplina, id_ciclo_componente_curricular, id_professor) VALUES
(24,1,24,4,19);

INSERT INTO COMPONENTE_CURRICULAR (id_componente_curricular, id_curso, id_disciplina, id_ciclo_componente_curricular, id_professor) VALUES
(25,1,25,4,13);

INSERT INTO COMPONENTE_CURRICULAR (id_componente_curricular, id_curso, id_disciplina, id_ciclo_componente_curricular, id_professor) VALUES
(26,1,26,4,15);

INSERT INTO COMPONENTE_CURRICULAR (id_componente_curricular, id_curso, id_disciplina, id_ciclo_componente_curricular, id_professor) VALUES
(27,1,27,4,6);

INSERT INTO COMPONENTE_CURRICULAR (id_componente_curricular, id_curso, id_disciplina, id_ciclo_componente_curricular, id_professor) VALUES
(28,1,28,4,7);

INSERT INTO COMPONENTE_CURRICULAR (id_componente_curricular, id_curso, id_disciplina, id_ciclo_componente_curricular, id_professor) VALUES
(29,1,29,5,14);

INSERT INTO COMPONENTE_CURRICULAR (id_componente_curricular, id_curso, id_disciplina, id_ciclo_componente_curricular, id_professor) VALUES
(30,1,30,5,3);

INSERT INTO COMPONENTE_CURRICULAR (id_componente_curricular, id_curso, id_disciplina, id_ciclo_componente_curricular, id_professor) VALUES
(31,1,31,5,3);

INSERT INTO COMPONENTE_CURRICULAR (id_componente_curricular, id_curso, id_disciplina, id_ciclo_componente_curricular, id_professor) VALUES
(32,1,32,5,14);

INSERT INTO COMPONENTE_CURRICULAR (id_componente_curricular, id_curso, id_disciplina, id_ciclo_componente_curricular, id_professor) VALUES
(33,1,33,5,9);

INSERT INTO COMPONENTE_CURRICULAR (id_componente_curricular, id_curso, id_disciplina, id_ciclo_componente_curricular, id_professor) VALUES
(34,1,34,5,20);

INSERT INTO COMPONENTE_CURRICULAR (id_componente_curricular, id_curso, id_disciplina, id_ciclo_componente_curricular, id_professor) VALUES
(35,1,35,5,14);

INSERT INTO COMPONENTE_CURRICULAR (id_componente_curricular, id_curso, id_disciplina, id_ciclo_componente_curricular, id_professor) VALUES
(36,1,36,6,12);

INSERT INTO COMPONENTE_CURRICULAR (id_componente_curricular, id_curso, id_disciplina, id_ciclo_componente_curricular, id_professor) VALUES
(37,1,37,6,5);

INSERT INTO COMPONENTE_CURRICULAR (id_componente_curricular, id_curso, id_disciplina, id_ciclo_componente_curricular, id_professor) VALUES
(38,1,38,6,6);

INSERT INTO COMPONENTE_CURRICULAR (id_componente_curricular, id_curso, id_disciplina, id_ciclo_componente_curricular, id_professor) VALUES
(39,1,39,6,4);

INSERT INTO COMPONENTE_CURRICULAR (id_componente_curricular, id_curso, id_disciplina, id_ciclo_componente_curricular, id_professor) VALUES
(40,1,40,6,7);

INSERT INTO COMPONENTE_CURRICULAR (id_componente_curricular, id_curso, id_disciplina, id_ciclo_componente_curricular, id_professor) VALUES
(41,1,41,6,4);

INSERT INTO COMPONENTE_CURRICULAR (id_componente_curricular, id_curso, id_disciplina, id_ciclo_componente_curricular, id_professor) VALUES
(42,1,42,6,15);

INSERT INTO COMPONENTE_CURRICULAR (id_componente_curricular, id_curso, id_disciplina, id_ciclo_componente_curricular, id_professor) VALUES
(43,2,2,1,3);

INSERT INTO COMPONENTE_CURRICULAR (id_componente_curricular, id_curso, id_disciplina, id_ciclo_componente_curricular, id_professor) VALUES
(44,2,10,1,6);

INSERT INTO COMPONENTE_CURRICULAR (id_componente_curricular, id_curso, id_disciplina, id_ciclo_componente_curricular, id_professor) VALUES
(45,2,79,1,1);

INSERT INTO COMPONENTE_CURRICULAR (id_componente_curricular, id_curso, id_disciplina, id_ciclo_componente_curricular, id_professor) VALUES
(46,2,1,1,5);

INSERT INTO COMPONENTE_CURRICULAR (id_componente_curricular, id_curso, id_disciplina, id_ciclo_componente_curricular, id_professor) VALUES
(47,2,80,1,17);

INSERT INTO COMPONENTE_CURRICULAR (id_componente_curricular, id_curso, id_disciplina, id_ciclo_componente_curricular, id_professor) VALUES
(48,2,81,1,9);

INSERT INTO COMPONENTE_CURRICULAR (id_componente_curricular, id_curso, id_disciplina, id_ciclo_componente_curricular, id_professor) VALUES
(49,2,82,1,10);

INSERT INTO COMPONENTE_CURRICULAR (id_componente_curricular, id_curso, id_disciplina, id_ciclo_componente_curricular, id_professor) VALUES
(50,2,83,2,20);

INSERT INTO COMPONENTE_CURRICULAR (id_componente_curricular, id_curso, id_disciplina, id_ciclo_componente_curricular, id_professor) VALUES
(51,2,84,2,9);

INSERT INTO COMPONENTE_CURRICULAR (id_componente_curricular, id_curso, id_disciplina, id_ciclo_componente_curricular, id_professor) VALUES
(52,2,8,2,16);

INSERT INTO COMPONENTE_CURRICULAR (id_componente_curricular, id_curso, id_disciplina, id_ciclo_componente_curricular, id_professor) VALUES
(53,2,11,2,2);

INSERT INTO COMPONENTE_CURRICULAR (id_componente_curricular, id_curso, id_disciplina, id_ciclo_componente_curricular, id_professor) VALUES
(54,2,23,2,4);

INSERT INTO COMPONENTE_CURRICULAR (id_componente_curricular, id_curso, id_disciplina, id_ciclo_componente_curricular, id_professor) VALUES
(55,2,85,2,10);

INSERT INTO COMPONENTE_CURRICULAR (id_componente_curricular, id_curso, id_disciplina, id_ciclo_componente_curricular, id_professor) VALUES
(56,2,86,3,4);

INSERT INTO COMPONENTE_CURRICULAR (id_componente_curricular, id_curso, id_disciplina, id_ciclo_componente_curricular, id_professor) VALUES
(57,2,87,3,7);

INSERT INTO COMPONENTE_CURRICULAR (id_componente_curricular, id_curso, id_disciplina, id_ciclo_componente_curricular, id_professor) VALUES
(58,2,88,3,14);

INSERT INTO COMPONENTE_CURRICULAR (id_componente_curricular, id_curso, id_disciplina, id_ciclo_componente_curricular, id_professor) VALUES
(59,2,89,3,18);

INSERT INTO COMPONENTE_CURRICULAR (id_componente_curricular, id_curso, id_disciplina, id_ciclo_componente_curricular, id_professor) VALUES
(60,2,26,3,15);

INSERT INTO COMPONENTE_CURRICULAR (id_componente_curricular, id_curso, id_disciplina, id_ciclo_componente_curricular, id_professor) VALUES
(61,2,7,3,20);

INSERT INTO COMPONENTE_CURRICULAR (id_componente_curricular, id_curso, id_disciplina, id_ciclo_componente_curricular, id_professor) VALUES
(62,2,90,3,4);

INSERT INTO COMPONENTE_CURRICULAR (id_componente_curricular, id_curso, id_disciplina, id_ciclo_componente_curricular, id_professor) VALUES
(63,2,91,4,11);

INSERT INTO COMPONENTE_CURRICULAR (id_componente_curricular, id_curso, id_disciplina, id_ciclo_componente_curricular, id_professor) VALUES
(64,2,92,4,14);

INSERT INTO COMPONENTE_CURRICULAR (id_componente_curricular, id_curso, id_disciplina, id_ciclo_componente_curricular, id_professor) VALUES
(65,2,25,4,13);

INSERT INTO COMPONENTE_CURRICULAR (id_componente_curricular, id_curso, id_disciplina, id_ciclo_componente_curricular, id_professor) VALUES
(66,2,24,4,19);

INSERT INTO COMPONENTE_CURRICULAR (id_componente_curricular, id_curso, id_disciplina, id_ciclo_componente_curricular, id_professor) VALUES
(67,2,93,4,14);

INSERT INTO COMPONENTE_CURRICULAR (id_componente_curricular, id_curso, id_disciplina, id_ciclo_componente_curricular, id_professor) VALUES
(68,2,14,4,20);

INSERT INTO COMPONENTE_CURRICULAR (id_componente_curricular, id_curso, id_disciplina, id_ciclo_componente_curricular, id_professor) VALUES
(69,2,37,4,5);

INSERT INTO COMPONENTE_CURRICULAR (id_componente_curricular, id_curso, id_disciplina, id_ciclo_componente_curricular, id_professor) VALUES
(70,2,94,5,1);

INSERT INTO COMPONENTE_CURRICULAR (id_componente_curricular, id_curso, id_disciplina, id_ciclo_componente_curricular, id_professor) VALUES
(71,2,95,5,5);

INSERT INTO COMPONENTE_CURRICULAR (id_componente_curricular, id_curso, id_disciplina, id_ciclo_componente_curricular, id_professor) VALUES
(72,2,96,5,3);

INSERT INTO COMPONENTE_CURRICULAR (id_componente_curricular, id_curso, id_disciplina, id_ciclo_componente_curricular, id_professor) VALUES
(73,2,97,5,8);

INSERT INTO COMPONENTE_CURRICULAR (id_componente_curricular, id_curso, id_disciplina, id_ciclo_componente_curricular, id_professor) VALUES
(74,2,98,5,8);

INSERT INTO COMPONENTE_CURRICULAR (id_componente_curricular, id_curso, id_disciplina, id_ciclo_componente_curricular, id_professor) VALUES
(75,2,21,5,3);

INSERT INTO COMPONENTE_CURRICULAR (id_componente_curricular, id_curso, id_disciplina, id_ciclo_componente_curricular, id_professor) VALUES
(76,2,99,5,19);

INSERT INTO COMPONENTE_CURRICULAR (id_componente_curricular, id_curso, id_disciplina, id_ciclo_componente_curricular, id_professor) VALUES
(77,2,100,6,16);

INSERT INTO COMPONENTE_CURRICULAR (id_componente_curricular, id_curso, id_disciplina, id_ciclo_componente_curricular, id_professor) VALUES
(78,2,101,6,3);

INSERT INTO COMPONENTE_CURRICULAR (id_componente_curricular, id_curso, id_disciplina, id_ciclo_componente_curricular, id_professor) VALUES
(79,2,33,6,9);

INSERT INTO COMPONENTE_CURRICULAR (id_componente_curricular, id_curso, id_disciplina, id_ciclo_componente_curricular, id_professor) VALUES
(80,2,29,6,14);

INSERT INTO COMPONENTE_CURRICULAR (id_componente_curricular, id_curso, id_disciplina, id_ciclo_componente_curricular, id_professor) VALUES
(81,2,102,6,2);

INSERT INTO COMPONENTE_CURRICULAR (id_componente_curricular, id_curso, id_disciplina, id_ciclo_componente_curricular, id_professor) VALUES
(82,2,28,6,7);

-- GRADE CURSO
INSERT INTO GRADE_CURSO (id_grade_curso, dd_semana_grade_curso, hr_inicio_grade_curso, cd_sala_grade_curso, id_componente_curricular) VALUES
(1,'SEG',1140,1,1);

INSERT INTO GRADE_CURSO (id_grade_curso, dd_semana_grade_curso, hr_inicio_grade_curso, cd_sala_grade_curso, id_componente_curricular) VALUES
(2,'SEG',1250,1,1);

INSERT INTO GRADE_CURSO (id_grade_curso, dd_semana_grade_curso, hr_inicio_grade_curso, cd_sala_grade_curso, id_componente_curricular) VALUES
(3,'TER',1140,1,2);

INSERT INTO GRADE_CURSO (id_grade_curso, dd_semana_grade_curso, hr_inicio_grade_curso, cd_sala_grade_curso, id_componente_curricular) VALUES
(4,'TER',1250,1,2);

INSERT INTO GRADE_CURSO (id_grade_curso, dd_semana_grade_curso, hr_inicio_grade_curso, cd_sala_grade_curso, id_componente_curricular) VALUES
(5,'QUA',1140,1,3);

INSERT INTO GRADE_CURSO (id_grade_curso, dd_semana_grade_curso, hr_inicio_grade_curso, cd_sala_grade_curso, id_componente_curricular) VALUES
(6,'QUA',1250,1,3);

INSERT INTO GRADE_CURSO (id_grade_curso, dd_semana_grade_curso, hr_inicio_grade_curso, cd_sala_grade_curso, id_componente_curricular) VALUES
(7,'QUI',1140,1,4);

INSERT INTO GRADE_CURSO (id_grade_curso, dd_semana_grade_curso, hr_inicio_grade_curso, cd_sala_grade_curso, id_componente_curricular) VALUES
(8,'QUI',1250,1,4);

INSERT INTO GRADE_CURSO (id_grade_curso, dd_semana_grade_curso, hr_inicio_grade_curso, cd_sala_grade_curso, id_componente_curricular) VALUES
(9,'SEX',1140,1,5);

INSERT INTO GRADE_CURSO (id_grade_curso, dd_semana_grade_curso, hr_inicio_grade_curso, cd_sala_grade_curso, id_componente_curricular) VALUES
(10,'SEX',1250,1,5);

INSERT INTO GRADE_CURSO (id_grade_curso, dd_semana_grade_curso, hr_inicio_grade_curso, cd_sala_grade_curso, id_componente_curricular) VALUES
(11,'SAB',590,1,6);

INSERT INTO GRADE_CURSO (id_grade_curso, dd_semana_grade_curso, hr_inicio_grade_curso, cd_sala_grade_curso, id_componente_curricular) VALUES
(12,'SAB',700,1,7);

INSERT INTO GRADE_CURSO (id_grade_curso, dd_semana_grade_curso, hr_inicio_grade_curso, cd_sala_grade_curso, id_componente_curricular) VALUES
(13,'SEG',1140,2,8);

INSERT INTO GRADE_CURSO (id_grade_curso, dd_semana_grade_curso, hr_inicio_grade_curso, cd_sala_grade_curso, id_componente_curricular) VALUES
(14,'SEG',1250,2,8);

INSERT INTO GRADE_CURSO (id_grade_curso, dd_semana_grade_curso, hr_inicio_grade_curso, cd_sala_grade_curso, id_componente_curricular) VALUES
(15,'TER',1140,2,9);

INSERT INTO GRADE_CURSO (id_grade_curso, dd_semana_grade_curso, hr_inicio_grade_curso, cd_sala_grade_curso, id_componente_curricular) VALUES
(16,'TER',1250,2,9);

INSERT INTO GRADE_CURSO (id_grade_curso, dd_semana_grade_curso, hr_inicio_grade_curso, cd_sala_grade_curso, id_componente_curricular) VALUES
(17,'QUA',1140,2,10);

INSERT INTO GRADE_CURSO (id_grade_curso, dd_semana_grade_curso, hr_inicio_grade_curso, cd_sala_grade_curso, id_componente_curricular) VALUES
(18,'QUA',1250,2,10);

INSERT INTO GRADE_CURSO (id_grade_curso, dd_semana_grade_curso, hr_inicio_grade_curso, cd_sala_grade_curso, id_componente_curricular) VALUES
(19,'QUI',1140,2,11);

INSERT INTO GRADE_CURSO (id_grade_curso, dd_semana_grade_curso, hr_inicio_grade_curso, cd_sala_grade_curso, id_componente_curricular) VALUES
(20,'QUI',1250,2,11);

INSERT INTO GRADE_CURSO (id_grade_curso, dd_semana_grade_curso, hr_inicio_grade_curso, cd_sala_grade_curso, id_componente_curricular) VALUES
(21,'SEX',1140,2,12);

INSERT INTO GRADE_CURSO (id_grade_curso, dd_semana_grade_curso, hr_inicio_grade_curso, cd_sala_grade_curso, id_componente_curricular) VALUES
(22,'SEX',1250,2,12);

INSERT INTO GRADE_CURSO (id_grade_curso, dd_semana_grade_curso, hr_inicio_grade_curso, cd_sala_grade_curso, id_componente_curricular) VALUES
(23,'SAB',590,2,13);

INSERT INTO GRADE_CURSO (id_grade_curso, dd_semana_grade_curso, hr_inicio_grade_curso, cd_sala_grade_curso, id_componente_curricular) VALUES
(24,'SAB',700,2,14);

INSERT INTO GRADE_CURSO (id_grade_curso, dd_semana_grade_curso, hr_inicio_grade_curso, cd_sala_grade_curso, id_componente_curricular) VALUES
(25,'SEG',1140,3,15);

INSERT INTO GRADE_CURSO (id_grade_curso, dd_semana_grade_curso, hr_inicio_grade_curso, cd_sala_grade_curso, id_componente_curricular) VALUES
(26,'SEG',1250,3,15);

INSERT INTO GRADE_CURSO (id_grade_curso, dd_semana_grade_curso, hr_inicio_grade_curso, cd_sala_grade_curso, id_componente_curricular) VALUES
(27,'TER',1140,3,16);

INSERT INTO GRADE_CURSO (id_grade_curso, dd_semana_grade_curso, hr_inicio_grade_curso, cd_sala_grade_curso, id_componente_curricular) VALUES
(28,'TER',1250,3,16);

INSERT INTO GRADE_CURSO (id_grade_curso, dd_semana_grade_curso, hr_inicio_grade_curso, cd_sala_grade_curso, id_componente_curricular) VALUES
(29,'QUA',1140,3,17);

INSERT INTO GRADE_CURSO (id_grade_curso, dd_semana_grade_curso, hr_inicio_grade_curso, cd_sala_grade_curso, id_componente_curricular) VALUES
(30,'QUA',1250,3,17);

INSERT INTO GRADE_CURSO (id_grade_curso, dd_semana_grade_curso, hr_inicio_grade_curso, cd_sala_grade_curso, id_componente_curricular) VALUES
(31,'QUI',1140,3,18);

INSERT INTO GRADE_CURSO (id_grade_curso, dd_semana_grade_curso, hr_inicio_grade_curso, cd_sala_grade_curso, id_componente_curricular) VALUES
(32,'QUI',1250,3,18);

INSERT INTO GRADE_CURSO (id_grade_curso, dd_semana_grade_curso, hr_inicio_grade_curso, cd_sala_grade_curso, id_componente_curricular) VALUES
(33,'SEX',1140,3,19);

INSERT INTO GRADE_CURSO (id_grade_curso, dd_semana_grade_curso, hr_inicio_grade_curso, cd_sala_grade_curso, id_componente_curricular) VALUES
(34,'SEX',1250,3,19);

INSERT INTO GRADE_CURSO (id_grade_curso, dd_semana_grade_curso, hr_inicio_grade_curso, cd_sala_grade_curso, id_componente_curricular) VALUES
(35,'SAB',590,3,20);

INSERT INTO GRADE_CURSO (id_grade_curso, dd_semana_grade_curso, hr_inicio_grade_curso, cd_sala_grade_curso, id_componente_curricular) VALUES
(36,'SAB',700,3,21);

INSERT INTO GRADE_CURSO (id_grade_curso, dd_semana_grade_curso, hr_inicio_grade_curso, cd_sala_grade_curso, id_componente_curricular) VALUES
(37,'SEG',1140,4,22);

INSERT INTO GRADE_CURSO (id_grade_curso, dd_semana_grade_curso, hr_inicio_grade_curso, cd_sala_grade_curso, id_componente_curricular) VALUES
(38,'SEG',1250,4,22);

INSERT INTO GRADE_CURSO (id_grade_curso, dd_semana_grade_curso, hr_inicio_grade_curso, cd_sala_grade_curso, id_componente_curricular) VALUES
(39,'TER',1140,4,23);

INSERT INTO GRADE_CURSO (id_grade_curso, dd_semana_grade_curso, hr_inicio_grade_curso, cd_sala_grade_curso, id_componente_curricular) VALUES
(40,'TER',1250,4,23);

INSERT INTO GRADE_CURSO (id_grade_curso, dd_semana_grade_curso, hr_inicio_grade_curso, cd_sala_grade_curso, id_componente_curricular) VALUES
(41,'QUA',1140,4,24);

INSERT INTO GRADE_CURSO (id_grade_curso, dd_semana_grade_curso, hr_inicio_grade_curso, cd_sala_grade_curso, id_componente_curricular) VALUES
(42,'QUA',1250,4,24);

INSERT INTO GRADE_CURSO (id_grade_curso, dd_semana_grade_curso, hr_inicio_grade_curso, cd_sala_grade_curso, id_componente_curricular) VALUES
(43,'QUI',1140,4,25);

INSERT INTO GRADE_CURSO (id_grade_curso, dd_semana_grade_curso, hr_inicio_grade_curso, cd_sala_grade_curso, id_componente_curricular) VALUES
(44,'QUI',1250,4,25);

INSERT INTO GRADE_CURSO (id_grade_curso, dd_semana_grade_curso, hr_inicio_grade_curso, cd_sala_grade_curso, id_componente_curricular) VALUES
(45,'SEX',1140,4,26);

INSERT INTO GRADE_CURSO (id_grade_curso, dd_semana_grade_curso, hr_inicio_grade_curso, cd_sala_grade_curso, id_componente_curricular) VALUES
(46,'SEX',1250,4,26);

INSERT INTO GRADE_CURSO (id_grade_curso, dd_semana_grade_curso, hr_inicio_grade_curso, cd_sala_grade_curso, id_componente_curricular) VALUES
(47,'SAB',700,4,27);

INSERT INTO GRADE_CURSO (id_grade_curso, dd_semana_grade_curso, hr_inicio_grade_curso, cd_sala_grade_curso, id_componente_curricular) VALUES
(48,'SAB',810,1,28);

INSERT INTO GRADE_CURSO (id_grade_curso, dd_semana_grade_curso, hr_inicio_grade_curso, cd_sala_grade_curso, id_componente_curricular) VALUES
(49,'SEG',1140,5,29);

INSERT INTO GRADE_CURSO (id_grade_curso, dd_semana_grade_curso, hr_inicio_grade_curso, cd_sala_grade_curso, id_componente_curricular) VALUES
(50,'SEG',1250,5,29);

INSERT INTO GRADE_CURSO (id_grade_curso, dd_semana_grade_curso, hr_inicio_grade_curso, cd_sala_grade_curso, id_componente_curricular) VALUES
(51,'TER',1140,5,30);

INSERT INTO GRADE_CURSO (id_grade_curso, dd_semana_grade_curso, hr_inicio_grade_curso, cd_sala_grade_curso, id_componente_curricular) VALUES
(52,'TER',1250,5,30);

INSERT INTO GRADE_CURSO (id_grade_curso, dd_semana_grade_curso, hr_inicio_grade_curso, cd_sala_grade_curso, id_componente_curricular) VALUES
(53,'QUA',1140,5,31);

INSERT INTO GRADE_CURSO (id_grade_curso, dd_semana_grade_curso, hr_inicio_grade_curso, cd_sala_grade_curso, id_componente_curricular) VALUES
(54,'QUA',1250,5,31);

INSERT INTO GRADE_CURSO (id_grade_curso, dd_semana_grade_curso, hr_inicio_grade_curso, cd_sala_grade_curso, id_componente_curricular) VALUES
(55,'QUI',1140,5,32);

INSERT INTO GRADE_CURSO (id_grade_curso, dd_semana_grade_curso, hr_inicio_grade_curso, cd_sala_grade_curso, id_componente_curricular) VALUES
(56,'QUI',1250,5,32);

INSERT INTO GRADE_CURSO (id_grade_curso, dd_semana_grade_curso, hr_inicio_grade_curso, cd_sala_grade_curso, id_componente_curricular) VALUES
(57,'SEX',1140,5,33);

INSERT INTO GRADE_CURSO (id_grade_curso, dd_semana_grade_curso, hr_inicio_grade_curso, cd_sala_grade_curso, id_componente_curricular) VALUES
(58,'SEX',1250,5,33);

INSERT INTO GRADE_CURSO (id_grade_curso, dd_semana_grade_curso, hr_inicio_grade_curso, cd_sala_grade_curso, id_componente_curricular) VALUES
(59,'SAB',700,5,34);

INSERT INTO GRADE_CURSO (id_grade_curso, dd_semana_grade_curso, hr_inicio_grade_curso, cd_sala_grade_curso, id_componente_curricular) VALUES
(60,'SAB',810,2,35);

INSERT INTO GRADE_CURSO (id_grade_curso, dd_semana_grade_curso, hr_inicio_grade_curso, cd_sala_grade_curso, id_componente_curricular) VALUES
(61,'SEG',1140,6,36);

INSERT INTO GRADE_CURSO (id_grade_curso, dd_semana_grade_curso, hr_inicio_grade_curso, cd_sala_grade_curso, id_componente_curricular) VALUES
(62,'SEG',1250,6,36);

INSERT INTO GRADE_CURSO (id_grade_curso, dd_semana_grade_curso, hr_inicio_grade_curso, cd_sala_grade_curso, id_componente_curricular) VALUES
(63,'TER',1140,6,37);

INSERT INTO GRADE_CURSO (id_grade_curso, dd_semana_grade_curso, hr_inicio_grade_curso, cd_sala_grade_curso, id_componente_curricular) VALUES
(64,'TER',1250,6,37);

INSERT INTO GRADE_CURSO (id_grade_curso, dd_semana_grade_curso, hr_inicio_grade_curso, cd_sala_grade_curso, id_componente_curricular) VALUES
(65,'QUA',1140,6,38);

INSERT INTO GRADE_CURSO (id_grade_curso, dd_semana_grade_curso, hr_inicio_grade_curso, cd_sala_grade_curso, id_componente_curricular) VALUES
(66,'QUA',1250,6,38);

INSERT INTO GRADE_CURSO (id_grade_curso, dd_semana_grade_curso, hr_inicio_grade_curso, cd_sala_grade_curso, id_componente_curricular) VALUES
(67,'QUI',1140,6,39);

INSERT INTO GRADE_CURSO (id_grade_curso, dd_semana_grade_curso, hr_inicio_grade_curso, cd_sala_grade_curso, id_componente_curricular) VALUES
(68,'QUI',1250,6,39);

INSERT INTO GRADE_CURSO (id_grade_curso, dd_semana_grade_curso, hr_inicio_grade_curso, cd_sala_grade_curso, id_componente_curricular) VALUES
(69,'SEX',1140,6,40);

INSERT INTO GRADE_CURSO (id_grade_curso, dd_semana_grade_curso, hr_inicio_grade_curso, cd_sala_grade_curso, id_componente_curricular) VALUES
(70,'SEX',1250,6,40);

INSERT INTO GRADE_CURSO (id_grade_curso, dd_semana_grade_curso, hr_inicio_grade_curso, cd_sala_grade_curso, id_componente_curricular) VALUES
(71,'SAB',590,4,41);

INSERT INTO GRADE_CURSO (id_grade_curso, dd_semana_grade_curso, hr_inicio_grade_curso, cd_sala_grade_curso, id_componente_curricular) VALUES
(72,'SAB',700,6,42);

INSERT INTO GRADE_CURSO (id_grade_curso, dd_semana_grade_curso, hr_inicio_grade_curso, cd_sala_grade_curso, id_componente_curricular) VALUES
(73,'SEG',790,1,43);

INSERT INTO GRADE_CURSO (id_grade_curso, dd_semana_grade_curso, hr_inicio_grade_curso, cd_sala_grade_curso, id_componente_curricular) VALUES
(74,'SEG',900,1,43);

INSERT INTO GRADE_CURSO (id_grade_curso, dd_semana_grade_curso, hr_inicio_grade_curso, cd_sala_grade_curso, id_componente_curricular) VALUES
(75,'SEG',1010,1,44);

INSERT INTO GRADE_CURSO (id_grade_curso, dd_semana_grade_curso, hr_inicio_grade_curso, cd_sala_grade_curso, id_componente_curricular) VALUES
(76,'TER',790,1,45);

INSERT INTO GRADE_CURSO (id_grade_curso, dd_semana_grade_curso, hr_inicio_grade_curso, cd_sala_grade_curso, id_componente_curricular) VALUES
(77,'TER',900,1,45);

INSERT INTO GRADE_CURSO (id_grade_curso, dd_semana_grade_curso, hr_inicio_grade_curso, cd_sala_grade_curso, id_componente_curricular) VALUES
(78,'QUA',790,1,47);

INSERT INTO GRADE_CURSO (id_grade_curso, dd_semana_grade_curso, hr_inicio_grade_curso, cd_sala_grade_curso, id_componente_curricular) VALUES
(79,'QUA',900,1,47);

INSERT INTO GRADE_CURSO (id_grade_curso, dd_semana_grade_curso, hr_inicio_grade_curso, cd_sala_grade_curso, id_componente_curricular) VALUES
(80,'QUA',1010,1,48);

INSERT INTO GRADE_CURSO (id_grade_curso, dd_semana_grade_curso, hr_inicio_grade_curso, cd_sala_grade_curso, id_componente_curricular) VALUES
(81,'QUI',790,1,49);

INSERT INTO GRADE_CURSO (id_grade_curso, dd_semana_grade_curso, hr_inicio_grade_curso, cd_sala_grade_curso, id_componente_curricular) VALUES
(82,'QUI',900,1,49);

INSERT INTO GRADE_CURSO (id_grade_curso, dd_semana_grade_curso, hr_inicio_grade_curso, cd_sala_grade_curso, id_componente_curricular) VALUES
(83,'SEX',790,1,46);

INSERT INTO GRADE_CURSO (id_grade_curso, dd_semana_grade_curso, hr_inicio_grade_curso, cd_sala_grade_curso, id_componente_curricular) VALUES
(84,'SEX',900,1,46);

INSERT INTO GRADE_CURSO (id_grade_curso, dd_semana_grade_curso, hr_inicio_grade_curso, cd_sala_grade_curso, id_componente_curricular) VALUES
(85,'SEG',790,2,50);

INSERT INTO GRADE_CURSO (id_grade_curso, dd_semana_grade_curso, hr_inicio_grade_curso, cd_sala_grade_curso, id_componente_curricular) VALUES
(86,'SEG',900,2,50);

INSERT INTO GRADE_CURSO (id_grade_curso, dd_semana_grade_curso, hr_inicio_grade_curso, cd_sala_grade_curso, id_componente_curricular) VALUES
(87,'TER',790,2,52);

INSERT INTO GRADE_CURSO (id_grade_curso, dd_semana_grade_curso, hr_inicio_grade_curso, cd_sala_grade_curso, id_componente_curricular) VALUES
(88,'TER',900,2,52);

INSERT INTO GRADE_CURSO (id_grade_curso, dd_semana_grade_curso, hr_inicio_grade_curso, cd_sala_grade_curso, id_componente_curricular) VALUES
(89,'QUA',790,2,54);

INSERT INTO GRADE_CURSO (id_grade_curso, dd_semana_grade_curso, hr_inicio_grade_curso, cd_sala_grade_curso, id_componente_curricular) VALUES
(90,'QUA',900,2,54);

INSERT INTO GRADE_CURSO (id_grade_curso, dd_semana_grade_curso, hr_inicio_grade_curso, cd_sala_grade_curso, id_componente_curricular) VALUES
(91,'QUA',1010,2,55);

INSERT INTO GRADE_CURSO (id_grade_curso, dd_semana_grade_curso, hr_inicio_grade_curso, cd_sala_grade_curso, id_componente_curricular) VALUES
(92,'QUI',790,2,53);

INSERT INTO GRADE_CURSO (id_grade_curso, dd_semana_grade_curso, hr_inicio_grade_curso, cd_sala_grade_curso, id_componente_curricular) VALUES
(93,'QUI',900,2,53);

INSERT INTO GRADE_CURSO (id_grade_curso, dd_semana_grade_curso, hr_inicio_grade_curso, cd_sala_grade_curso, id_componente_curricular) VALUES
(94,'SEX',790,2,51);

INSERT INTO GRADE_CURSO (id_grade_curso, dd_semana_grade_curso, hr_inicio_grade_curso, cd_sala_grade_curso, id_componente_curricular) VALUES
(95,'SEX',900,2,51);

INSERT INTO GRADE_CURSO (id_grade_curso, dd_semana_grade_curso, hr_inicio_grade_curso, cd_sala_grade_curso, id_componente_curricular) VALUES
(96,'SEG',790,3,56);

INSERT INTO GRADE_CURSO (id_grade_curso, dd_semana_grade_curso, hr_inicio_grade_curso, cd_sala_grade_curso, id_componente_curricular) VALUES
(97,'SEG',900,3,56);

INSERT INTO GRADE_CURSO (id_grade_curso, dd_semana_grade_curso, hr_inicio_grade_curso, cd_sala_grade_curso, id_componente_curricular) VALUES
(98,'SEG',1010,2,57);

INSERT INTO GRADE_CURSO (id_grade_curso, dd_semana_grade_curso, hr_inicio_grade_curso, cd_sala_grade_curso, id_componente_curricular) VALUES
(99,'TER',790,3,58);

INSERT INTO GRADE_CURSO (id_grade_curso, dd_semana_grade_curso, hr_inicio_grade_curso, cd_sala_grade_curso, id_componente_curricular) VALUES
(100,'TER',900,3,58);

INSERT INTO GRADE_CURSO (id_grade_curso, dd_semana_grade_curso, hr_inicio_grade_curso, cd_sala_grade_curso, id_componente_curricular) VALUES
(101,'QUA',790,3,60);

INSERT INTO GRADE_CURSO (id_grade_curso, dd_semana_grade_curso, hr_inicio_grade_curso, cd_sala_grade_curso, id_componente_curricular) VALUES
(102,'QUA',900,3,60);

INSERT INTO GRADE_CURSO (id_grade_curso, dd_semana_grade_curso, hr_inicio_grade_curso, cd_sala_grade_curso, id_componente_curricular) VALUES
(103,'QUA',1010,3,61);

INSERT INTO GRADE_CURSO (id_grade_curso, dd_semana_grade_curso, hr_inicio_grade_curso, cd_sala_grade_curso, id_componente_curricular) VALUES
(104,'QUI',790,3,62);

INSERT INTO GRADE_CURSO (id_grade_curso, dd_semana_grade_curso, hr_inicio_grade_curso, cd_sala_grade_curso, id_componente_curricular) VALUES
(105,'QUI',900,3,62);

INSERT INTO GRADE_CURSO (id_grade_curso, dd_semana_grade_curso, hr_inicio_grade_curso, cd_sala_grade_curso, id_componente_curricular) VALUES
(106,'SEX',790,3,59);

INSERT INTO GRADE_CURSO (id_grade_curso, dd_semana_grade_curso, hr_inicio_grade_curso, cd_sala_grade_curso, id_componente_curricular) VALUES
(107,'SEX',900,3,59);

INSERT INTO GRADE_CURSO (id_grade_curso, dd_semana_grade_curso, hr_inicio_grade_curso, cd_sala_grade_curso, id_componente_curricular) VALUES
(108,'SEG',790,4,63);

INSERT INTO GRADE_CURSO (id_grade_curso, dd_semana_grade_curso, hr_inicio_grade_curso, cd_sala_grade_curso, id_componente_curricular) VALUES
(109,'SEG',900,4,63);

INSERT INTO GRADE_CURSO (id_grade_curso, dd_semana_grade_curso, hr_inicio_grade_curso, cd_sala_grade_curso, id_componente_curricular) VALUES
(110,'SEG',1010,3,68);

INSERT INTO GRADE_CURSO (id_grade_curso, dd_semana_grade_curso, hr_inicio_grade_curso, cd_sala_grade_curso, id_componente_curricular) VALUES
(111,'TER',790,4,65);

INSERT INTO GRADE_CURSO (id_grade_curso, dd_semana_grade_curso, hr_inicio_grade_curso, cd_sala_grade_curso, id_componente_curricular) VALUES
(112,'TER',900,4,65);

INSERT INTO GRADE_CURSO (id_grade_curso, dd_semana_grade_curso, hr_inicio_grade_curso, cd_sala_grade_curso, id_componente_curricular) VALUES
(113,'TER',1010,1,66);

INSERT INTO GRADE_CURSO (id_grade_curso, dd_semana_grade_curso, hr_inicio_grade_curso, cd_sala_grade_curso, id_componente_curricular) VALUES
(114,'QUA',790,4,67);

INSERT INTO GRADE_CURSO (id_grade_curso, dd_semana_grade_curso, hr_inicio_grade_curso, cd_sala_grade_curso, id_componente_curricular) VALUES
(115,'QUA',900,4,67);

INSERT INTO GRADE_CURSO (id_grade_curso, dd_semana_grade_curso, hr_inicio_grade_curso, cd_sala_grade_curso, id_componente_curricular) VALUES
(116,'QUI',790,4,69);

INSERT INTO GRADE_CURSO (id_grade_curso, dd_semana_grade_curso, hr_inicio_grade_curso, cd_sala_grade_curso, id_componente_curricular) VALUES
(117,'QUI',900,4,69);

INSERT INTO GRADE_CURSO (id_grade_curso, dd_semana_grade_curso, hr_inicio_grade_curso, cd_sala_grade_curso, id_componente_curricular) VALUES
(118,'SEX',790,4,64);

INSERT INTO GRADE_CURSO (id_grade_curso, dd_semana_grade_curso, hr_inicio_grade_curso, cd_sala_grade_curso, id_componente_curricular) VALUES
(119,'SEX',900,4,64);

INSERT INTO GRADE_CURSO (id_grade_curso, dd_semana_grade_curso, hr_inicio_grade_curso, cd_sala_grade_curso, id_componente_curricular) VALUES
(120,'SEG',790,5,70);

INSERT INTO GRADE_CURSO (id_grade_curso, dd_semana_grade_curso, hr_inicio_grade_curso, cd_sala_grade_curso, id_componente_curricular) VALUES
(121,'SEG',900,5,70);

INSERT INTO GRADE_CURSO (id_grade_curso, dd_semana_grade_curso, hr_inicio_grade_curso, cd_sala_grade_curso, id_componente_curricular) VALUES
(122,'SEG',1010,4,71);

INSERT INTO GRADE_CURSO (id_grade_curso, dd_semana_grade_curso, hr_inicio_grade_curso, cd_sala_grade_curso, id_componente_curricular) VALUES
(123,'TER',790,5,72);

INSERT INTO GRADE_CURSO (id_grade_curso, dd_semana_grade_curso, hr_inicio_grade_curso, cd_sala_grade_curso, id_componente_curricular) VALUES
(124,'TER',900,5,72);

INSERT INTO GRADE_CURSO (id_grade_curso, dd_semana_grade_curso, hr_inicio_grade_curso, cd_sala_grade_curso, id_componente_curricular) VALUES
(125,'TER',1010,2,73);

INSERT INTO GRADE_CURSO (id_grade_curso, dd_semana_grade_curso, hr_inicio_grade_curso, cd_sala_grade_curso, id_componente_curricular) VALUES
(126,'QUA',790,5,74);

INSERT INTO GRADE_CURSO (id_grade_curso, dd_semana_grade_curso, hr_inicio_grade_curso, cd_sala_grade_curso, id_componente_curricular) VALUES
(127,'QUA',900,5,74);

INSERT INTO GRADE_CURSO (id_grade_curso, dd_semana_grade_curso, hr_inicio_grade_curso, cd_sala_grade_curso, id_componente_curricular) VALUES
(128,'QUI',790,5,76);

INSERT INTO GRADE_CURSO (id_grade_curso, dd_semana_grade_curso, hr_inicio_grade_curso, cd_sala_grade_curso, id_componente_curricular) VALUES
(129,'QUI',900,5,76);

INSERT INTO GRADE_CURSO (id_grade_curso, dd_semana_grade_curso, hr_inicio_grade_curso, cd_sala_grade_curso, id_componente_curricular) VALUES
(130,'SEX',790,5,75);

INSERT INTO GRADE_CURSO (id_grade_curso, dd_semana_grade_curso, hr_inicio_grade_curso, cd_sala_grade_curso, id_componente_curricular) VALUES
(131,'SEX',900,5,75);

INSERT INTO GRADE_CURSO (id_grade_curso, dd_semana_grade_curso, hr_inicio_grade_curso, cd_sala_grade_curso, id_componente_curricular) VALUES
(132,'SEG',790,6,77);

INSERT INTO GRADE_CURSO (id_grade_curso, dd_semana_grade_curso, hr_inicio_grade_curso, cd_sala_grade_curso, id_componente_curricular) VALUES
(133,'SEG',900,6,77);

INSERT INTO GRADE_CURSO (id_grade_curso, dd_semana_grade_curso, hr_inicio_grade_curso, cd_sala_grade_curso, id_componente_curricular) VALUES
(134,'TER',790,6,79);

INSERT INTO GRADE_CURSO (id_grade_curso, dd_semana_grade_curso, hr_inicio_grade_curso, cd_sala_grade_curso, id_componente_curricular) VALUES
(135,'TER',900,6,79);

INSERT INTO GRADE_CURSO (id_grade_curso, dd_semana_grade_curso, hr_inicio_grade_curso, cd_sala_grade_curso, id_componente_curricular) VALUES
(136,'QUA',790,6,81);

INSERT INTO GRADE_CURSO (id_grade_curso, dd_semana_grade_curso, hr_inicio_grade_curso, cd_sala_grade_curso, id_componente_curricular) VALUES
(137,'QUA',900,6,81);

INSERT INTO GRADE_CURSO (id_grade_curso, dd_semana_grade_curso, hr_inicio_grade_curso, cd_sala_grade_curso, id_componente_curricular) VALUES
(138,'QUA',1010,4,82);

INSERT INTO GRADE_CURSO (id_grade_curso, dd_semana_grade_curso, hr_inicio_grade_curso, cd_sala_grade_curso, id_componente_curricular) VALUES
(139,'QUI',900,6,78);

INSERT INTO GRADE_CURSO (id_grade_curso, dd_semana_grade_curso, hr_inicio_grade_curso, cd_sala_grade_curso, id_componente_curricular) VALUES
(140,'QUI',1010,1,78);

INSERT INTO GRADE_CURSO (id_grade_curso, dd_semana_grade_curso, hr_inicio_grade_curso, cd_sala_grade_curso, id_componente_curricular) VALUES
(141,'SEX',790,6,80);

INSERT INTO GRADE_CURSO (id_grade_curso, dd_semana_grade_curso, hr_inicio_grade_curso, cd_sala_grade_curso, id_componente_curricular) VALUES
(142,'SEX',900,6,80);


-- PERIODO_LETIVO
INSERT INTO PERIODO_LETIVO (id_periodo_letivo, aa_periodo_letivo, semestre_periodo_letivo) VALUES
(1, 2023, 1);

INSERT INTO PERIODO_LETIVO (id_periodo_letivo, aa_periodo_letivo, semestre_periodo_letivo) VALUES
(2, 2023, 2);

INSERT INTO PERIODO_LETIVO (id_periodo_letivo, aa_periodo_letivo, semestre_periodo_letivo) VALUES
(3, 2024, 1);

INSERT INTO PERIODO_LETIVO (id_periodo_letivo, aa_periodo_letivo, semestre_periodo_letivo) VALUES
(4, 2024, 2);

INSERT INTO PERIODO_LETIVO (id_periodo_letivo, aa_periodo_letivo, semestre_periodo_letivo) VALUES
(5, 2025, 1);

INSERT INTO PERIODO_LETIVO (id_periodo_letivo, aa_periodo_letivo, semestre_periodo_letivo) VALUES
(6, 2025, 2);

-- TURMA
-- utilize inserts estáticos (cursor pra transformar o dado atual em INSERTS)
CREATE OR REPLACE PROCEDURE prc_criar_turmas_curso(
    p_id_curso IN INTEGER,
    p_id_periodo_letivo IN INTEGER,
    p_id_ciclo_turma IN NUMBER
) IS
BEGIN
    INSERT INTO TURMA (
        id_turma,
        qt_vagas_turma,
        id_ciclo_turma,
        id_curso,
        id_disciplina,
        id_professor,
        id_periodo_letivo
    )
    SELECT
        SQ_TURMA.NEXTVAL,
        20,
        p_id_ciclo_turma,
        cc.id_curso,
        cc.id_disciplina,
        cc.id_professor,
        p_id_periodo_letivo
    FROM COMPONENTE_CURRICULAR cc
    WHERE cc.id_curso = p_id_curso
      AND cc.id_ciclo_componente_curricular = p_id_ciclo_turma;

    INSERT INTO GRADE_TURMA (
        id_grade_turma,
        dd_semana_grade_turma,
        hr_inicio_grade_turma,
        cd_sala_grade_turma,
        id_turma
    )
    SELECT
        SQ_GRADE_TURMA.NEXTVAL,
        gc.dd_semana_grade_curso,
        gc.hr_inicio_grade_curso,
        gc.cd_sala_grade_curso,
        t.id_turma
    FROM COMPONENTE_CURRICULAR cc
    JOIN GRADE_CURSO gc
        ON gc.id_componente_curricular = cc.id_componente_curricular
    JOIN TURMA t
        ON t.id_curso = cc.id_curso
       AND t.id_disciplina = cc.id_disciplina
       AND t.id_professor = cc.id_professor
       AND t.id_ciclo_turma = p_id_ciclo_turma
       AND t.id_periodo_letivo = p_id_periodo_letivo
    WHERE cc.id_curso = p_id_curso
      AND cc.id_ciclo_componente_curricular = p_id_ciclo_turma;

    COMMIT;
END;
/

-- TURMA
BEGIN
    -- 2023/1
    prc_criar_turmas_curso(1, 1, 1);
    prc_criar_turmas_curso(2, 1, 1);

    -- 2023/2
    prc_criar_turmas_curso(1, 2, 1);
    prc_criar_turmas_curso(2, 2, 1);
    -- Graduação da turma anterior
    prc_criar_turmas_curso(1, 2, 2);
    prc_criar_turmas_curso(2, 2, 2);

    -- 2024/1
    prc_criar_turmas_curso(1, 3, 1);
    prc_criar_turmas_curso(2, 3, 1);
    -- Graduação das turmas anteriores
    prc_criar_turmas_curso(1, 3, 2);
    prc_criar_turmas_curso(2, 3, 2);
    prc_criar_turmas_curso(1, 3, 3);
    prc_criar_turmas_curso(2, 3, 3);

    -- 2024/2
    prc_criar_turmas_curso(1, 4, 1);
    prc_criar_turmas_curso(2, 4, 1);
    -- Graduação das turmas anteriores
    prc_criar_turmas_curso(1, 4, 2);
    prc_criar_turmas_curso(2, 4, 2);
    prc_criar_turmas_curso(1, 4, 3);
    prc_criar_turmas_curso(2, 4, 3);
    prc_criar_turmas_curso(1, 4, 4);
    prc_criar_turmas_curso(2, 4, 4);

    -- 2025/1
    prc_criar_turmas_curso(1, 5, 1);
    prc_criar_turmas_curso(2, 5, 1);
    -- Graduação das turmas anteriores
    prc_criar_turmas_curso(1, 5, 2);
    prc_criar_turmas_curso(2, 5, 2);
    prc_criar_turmas_curso(1, 5, 3);
    prc_criar_turmas_curso(2, 5, 3);
    prc_criar_turmas_curso(1, 5, 4);
    prc_criar_turmas_curso(2, 5, 4);
    prc_criar_turmas_curso(1, 5, 5);
    prc_criar_turmas_curso(2, 5, 5);

    -- 2025/2
    prc_criar_turmas_curso(1, 6, 1);
    prc_criar_turmas_curso(2, 6, 1);
    -- Graduação das turmas anteriores
    prc_criar_turmas_curso(1, 6, 2);
    prc_criar_turmas_curso(2, 6, 2);
    prc_criar_turmas_curso(1, 6, 3);
    prc_criar_turmas_curso(2, 6, 3);
    prc_criar_turmas_curso(1, 6, 4);
    prc_criar_turmas_curso(2, 6, 4);
    prc_criar_turmas_curso(1, 6, 5);
    prc_criar_turmas_curso(2, 6, 5);
    prc_criar_turmas_curso(1, 6, 6);
    prc_criar_turmas_curso(2, 6, 6);
    COMMIT;
END;
/

-- MATRICULA (fórmula para inserção em menos linhas, totalizando 5760 registros)
INSERT INTO MATRICULA (
    id_matricula,
    id_aluno,
    id_turma
)
SELECT
    SQ_MATRICULA.NEXTVAL,
    x.id_aluno,
    x.id_turma
FROM (
    SELECT
        a.id_aluno,
        t.id_turma
    FROM TURMA t
    JOIN (
        SELECT LEVEL - 1 AS offset_turma
        FROM dual
        CONNECT BY LEVEL <= 6
    ) entrada
        ON t.id_ciclo_turma = (t.id_periodo_letivo - entrada.offset_turma)
    JOIN ALUNO a
        ON a.id_aluno BETWEEN
            (entrada.offset_turma * 20) + 1
            AND
            ((entrada.offset_turma + 1) * 20)
    ORDER BY
        a.id_aluno,
        t.id_periodo_letivo,
        t.id_turma
) x;

-- AVALIACAO e
-- ============================================================
-- PASSO 1: Inserir 2 avaliações por turma
-- ============================================================
INSERT INTO AVALIACAO (
    id_avaliacao,
    ds_avaliacao,
    qt_peso_avaliacao,
    qt_nota_maxima_avaliacao,
    dt_hr_avaliacao,
    cd_tipo_avaliacao,
    id_turma
)
SELECT
    SQ_AVALIACAO.NEXTVAL,
    provas.ds_avaliacao,
    1                          AS qt_peso_avaliacao,
    10                         AS qt_nota_maxima_avaliacao,
    -- Data base: 01/MM/AAAA do período letivo + N meses, com hora vinda de GRADE_TURMA
    TO_DATE(
        TO_CHAR(
            ADD_MONTHS(
                TO_DATE('01/' || LPAD(
                    CASE
                        WHEN pl.semestre_periodo_letivo = 1 THEN 1   -- semestre 1 começa em Janeiro
                        ELSE 7                                        -- semestre 2 começa em Julho
                    END,
                2, '0') || '/' || pl.aa_periodo_letivo, 'DD/MM/YYYY'),
                provas.meses_offset
            ),
            'DD/MM/YYYY'
        )
        || ' '
        || LPAD(TRUNC(gt_min.hr_inicio_grade_turma / 60), 2, '0')
        || ':'
        || LPAD(MOD(gt_min.hr_inicio_grade_turma, 60), 2, '0'),
        'DD/MM/YYYY HH24:MI'
    )                          AS dt_hr_avaliacao,
    0                          AS cd_tipo_avaliacao,
    t.id_turma
FROM
    TURMA t
    JOIN PERIODO_LETIVO pl
        ON pl.id_periodo_letivo = t.id_periodo_letivo
    -- Menor hr_inicio_grade_turma da turma
    JOIN (
        SELECT
            id_turma,
            MIN(hr_inicio_grade_turma) AS hr_inicio_grade_turma
        FROM GRADE_TURMA
        GROUP BY id_turma
    ) gt_min
        ON gt_min.id_turma = t.id_turma
    -- Cross join com as duas provas (offset de meses e descrição)
    CROSS JOIN (
        SELECT 'Primeira prova do semestre' AS ds_avaliacao, 2 AS meses_offset FROM DUAL
        UNION ALL
        SELECT 'Segunda prova do semestre',                  4               FROM DUAL
    ) provas
;


-- AVALIACAO_RESULTADO
INSERT INTO AVALIACAO_RESULTADO (
    id_matricula,
    id_avaliacao,
    qt_nota_avaliacao_aluno
)
SELECT
    m.id_matricula,
    av.id_avaliacao,
    -- Distribuição normal aproximada: média de 3 sorteios uniformes em [5, 10]
    -- Cada parcela: 5 + DBMS_RANDOM.VALUE(0,1) * 5  →  ∈ [5, 10]
    ROUND(
        (
            (5 + DBMS_RANDOM.VALUE * 5) +
            (5 + DBMS_RANDOM.VALUE * 5) +
            (5 + DBMS_RANDOM.VALUE * 5)
        ) / 3,
        2
    )                          AS qt_nota_avaliacao_aluno
FROM
    AVALIACAO av
    JOIN MATRICULA m
        ON m.id_turma = av.id_turma
;

-- REGISTRO_AULA: 15 registros de aula por GRADE_TURMA
INSERT INTO REGISTRO_AULA (dt_registro_aula, id_grade_turma)
WITH seq AS (
    SELECT LEVEL AS rn FROM DUAL CONNECT BY LEVEL <= 15
),
datas_inicio AS (
    SELECT
        gt.id_grade_turma,
        TO_DATE(
            '01/' ||
            LPAD(
                CASE pl.semestre_periodo_letivo
                    WHEN 1 THEN 1
                    ELSE 7
                END,
            2, '0') || '/' || pl.aa_periodo_letivo,
            'DD/MM/YYYY'
        ) AS data_inicio
    FROM GRADE_TURMA gt
    JOIN TURMA t        ON t.id_turma          = gt.id_turma
    JOIN PERIODO_LETIVO pl ON pl.id_periodo_letivo = t.id_periodo_letivo
)
SELECT
    TRUNC(
        di.data_inicio
        + (seq.rn - 1) * (180 / 15)
        + DBMS_RANDOM.VALUE * (180 / 15)
    ) AS dt_registro_aula,
    di.id_grade_turma
FROM datas_inicio di
CROSS JOIN seq
;

-- REGISTRO_AULA_MATRICULA - Registro de chamada
INSERT INTO REGISTRO_AULA_MATRICULA (
    id_matricula,
    dt_registro_aula,
    id_grade_turma,
    ic_ausente_presente
)
SELECT
    m.id_matricula,
    ra.dt_registro_aula,
    ra.id_grade_turma,
    -- 0 = ausente quando hash < 30  (~30% de ausência)
    -- 1 = presente caso contrário   (~70% de presença)
    CASE
        WHEN MOD(
                 (ROW_NUMBER() OVER (
                      PARTITION BY ra.dt_registro_aula, ra.id_grade_turma
                      ORDER BY m.id_matricula
                  ) * 1103515245) + 12345,
             97
        ) < 30
        THEN 0
        ELSE 1
    END AS ic_ausente_presente
FROM
    REGISTRO_AULA ra
    JOIN GRADE_TURMA gt
        ON gt.id_grade_turma = ra.id_grade_turma
    JOIN MATRICULA m
        ON m.id_turma = gt.id_turma
;
